--
-- PostgreSQL database dump
--

-- Dumped from database version 14.1
-- Dumped by pg_dump version 14.1

SET statement_timeout = 0;
SET lock_timeout = 0;
SET idle_in_transaction_session_timeout = 0;
SET client_encoding = 'UTF8';
SET standard_conforming_strings = on;
SELECT pg_catalog.set_config('search_path', '', false);
SET check_function_bodies = false;
SET xmloption = content;
SET client_min_messages = warning;
SET row_security = off;

ALTER TABLE ONLY public.user_users_user_permissions DROP CONSTRAINT user_users_user_permissions_users_id_e1262029_fk_user_users_id;
ALTER TABLE ONLY public.user_users_user_permissions DROP CONSTRAINT user_users_user_perm_permission_id_8c68afab_fk_auth_perm;
ALTER TABLE ONLY public.user_users_groups DROP CONSTRAINT user_users_groups_users_id_232e6679_fk_user_users_id;
ALTER TABLE ONLY public.user_users_groups DROP CONSTRAINT user_users_groups_group_id_5df0dc90_fk_auth_group_id;
ALTER TABLE ONLY public.user_contact DROP CONSTRAINT user_contact_owner_id_bebf54f3_fk_user_users_id;
ALTER TABLE ONLY public.user_contact DROP CONSTRAINT user_contact_email_id_d50e2efd_fk_user_users_id;
ALTER TABLE ONLY public.mail_signature DROP CONSTRAINT mail_signature_owner_id_86bef9ce_fk_user_users_id;
ALTER TABLE ONLY public.mail_filter DROP CONSTRAINT mail_filter_owner_id_0acd4079_fk_user_users_id;
ALTER TABLE ONLY public.mail_filter DROP CONSTRAINT mail_filter_label_id_abc2295a_fk_mail_category_id;
ALTER TABLE ONLY public.mail_filter DROP CONSTRAINT mail_filter_from_user_id_a95c7fb4_fk_user_users_id;
ALTER TABLE ONLY public.mail_email DROP CONSTRAINT mail_email_signature_id_f0378076_fk_mail_signature_id;
ALTER TABLE ONLY public.mail_email DROP CONSTRAINT mail_email_sender_id_102f874d_fk_user_users_id;
ALTER TABLE ONLY public.mail_email DROP CONSTRAINT mail_email_reply_to_id_f55bc634_fk_mail_email_id;
ALTER TABLE ONLY public.mail_email_recipients DROP CONSTRAINT mail_email_recipients_users_id_16f46083_fk_user_users_id;
ALTER TABLE ONLY public.mail_email_recipients DROP CONSTRAINT mail_email_recipients_email_id_8554d849_fk_mail_email_id;
ALTER TABLE ONLY public.mail_email_cc DROP CONSTRAINT mail_email_cc_users_id_cc5c244a_fk_user_users_id;
ALTER TABLE ONLY public.mail_email_cc DROP CONSTRAINT mail_email_cc_email_id_82bd2bb5_fk_mail_email_id;
ALTER TABLE ONLY public.mail_email_category DROP CONSTRAINT mail_email_category_email_id_b4e82e47_fk_mail_email_id;
ALTER TABLE ONLY public.mail_email_category DROP CONSTRAINT mail_email_category_category_id_7aa11786_fk_mail_category_id;
ALTER TABLE ONLY public.mail_email_bcc DROP CONSTRAINT mail_email_bcc_users_id_7f583820_fk_user_users_id;
ALTER TABLE ONLY public.mail_email_bcc DROP CONSTRAINT mail_email_bcc_email_id_019fd01b_fk_mail_email_id;
ALTER TABLE ONLY public.mail_category DROP CONSTRAINT mail_category_owner_id_9ce90553_fk_user_users_id;
ALTER TABLE ONLY public.django_admin_log DROP CONSTRAINT django_admin_log_user_id_c564eba6_fk_user_users_id;
ALTER TABLE ONLY public.django_admin_log DROP CONSTRAINT django_admin_log_content_type_id_c4bce8eb_fk_django_co;
ALTER TABLE ONLY public.auth_permission DROP CONSTRAINT auth_permission_content_type_id_2f476e4b_fk_django_co;
ALTER TABLE ONLY public.auth_group_permissions DROP CONSTRAINT auth_group_permissions_group_id_b120cbf9_fk_auth_group_id;
ALTER TABLE ONLY public.auth_group_permissions DROP CONSTRAINT auth_group_permissio_permission_id_84c5c92e_fk_auth_perm;
DROP INDEX public.user_users_username_2da30a0a_like;
DROP INDEX public.user_users_user_permissions_users_id_e1262029;
DROP INDEX public.user_users_user_permissions_permission_id_8c68afab;
DROP INDEX public.user_users_phone_2cb027d8_like;
DROP INDEX public.user_users_groups_users_id_232e6679;
DROP INDEX public.user_users_groups_group_id_5df0dc90;
DROP INDEX public.user_users_email_3e8dac5f_like;
DROP INDEX public.user_contact_user_id_06fd0470;
DROP INDEX public.user_contact_email_id_d50e2efd;
DROP INDEX public.mail_signature_owner_id_86bef9ce;
DROP INDEX public.mail_filter_owner_id_0acd4079;
DROP INDEX public.mail_filter_label_id_abc2295a;
DROP INDEX public.mail_filter_from_user_id_a95c7fb4;
DROP INDEX public.mail_email_signature_id_f0378076;
DROP INDEX public.mail_email_sender_id_102f874d;
DROP INDEX public.mail_email_reply_to_id_f55bc634;
DROP INDEX public.mail_email_recipients_users_id_16f46083;
DROP INDEX public.mail_email_recipients_email_id_8554d849;
DROP INDEX public.mail_email_cc_users_id_cc5c244a;
DROP INDEX public.mail_email_cc_email_id_82bd2bb5;
DROP INDEX public.mail_email_category_email_id_b4e82e47;
DROP INDEX public.mail_email_category_category_id_7aa11786;
DROP INDEX public.mail_email_bcc_users_id_7f583820;
DROP INDEX public.mail_email_bcc_email_id_019fd01b;
DROP INDEX public.mail_category_owner_id_9ce90553;
DROP INDEX public.django_session_session_key_c0390e0f_like;
DROP INDEX public.django_session_expire_date_a5c62663;
DROP INDEX public.django_admin_log_user_id_c564eba6;
DROP INDEX public.django_admin_log_content_type_id_c4bce8eb;
DROP INDEX public.auth_permission_content_type_id_2f476e4b;
DROP INDEX public.auth_group_permissions_permission_id_84c5c92e;
DROP INDEX public.auth_group_permissions_group_id_b120cbf9;
DROP INDEX public.auth_group_name_a6ea08ec_like;
ALTER TABLE ONLY public.user_users DROP CONSTRAINT user_users_username_key;
ALTER TABLE ONLY public.user_users_user_permissions DROP CONSTRAINT user_users_user_permissions_pkey;
ALTER TABLE ONLY public.user_users_user_permissions DROP CONSTRAINT user_users_user_permissi_users_id_permission_id_5fc04ed5_uniq;
ALTER TABLE ONLY public.user_users DROP CONSTRAINT user_users_pkey;
ALTER TABLE ONLY public.user_users DROP CONSTRAINT user_users_phone_key;
ALTER TABLE ONLY public.user_users_groups DROP CONSTRAINT user_users_groups_users_id_group_id_df5fa2ae_uniq;
ALTER TABLE ONLY public.user_users_groups DROP CONSTRAINT user_users_groups_pkey;
ALTER TABLE ONLY public.user_users DROP CONSTRAINT user_users_email_key;
ALTER TABLE ONLY public.user_contact DROP CONSTRAINT user_contact_user_id_email_id_50eb8119_uniq;
ALTER TABLE ONLY public.user_contact DROP CONSTRAINT user_contact_pkey;
ALTER TABLE ONLY public.user_coderegister DROP CONSTRAINT user_coderegister_pkey;
ALTER TABLE ONLY public.mail_signature DROP CONSTRAINT mail_signature_pkey;
ALTER TABLE ONLY public.mail_filter DROP CONSTRAINT mail_filter_pkey;
ALTER TABLE ONLY public.mail_email_recipients DROP CONSTRAINT mail_email_recipients_pkey;
ALTER TABLE ONLY public.mail_email_recipients DROP CONSTRAINT mail_email_recipients_email_id_users_id_6c6e94dd_uniq;
ALTER TABLE ONLY public.mail_email DROP CONSTRAINT mail_email_pkey;
ALTER TABLE ONLY public.mail_email_cc DROP CONSTRAINT mail_email_cc_pkey;
ALTER TABLE ONLY public.mail_email_cc DROP CONSTRAINT mail_email_cc_email_id_users_id_4a875970_uniq;
ALTER TABLE ONLY public.mail_email_category DROP CONSTRAINT mail_email_category_pkey;
ALTER TABLE ONLY public.mail_email_category DROP CONSTRAINT mail_email_category_email_id_category_id_cccefcc8_uniq;
ALTER TABLE ONLY public.mail_email_bcc DROP CONSTRAINT mail_email_bcc_pkey;
ALTER TABLE ONLY public.mail_email_bcc DROP CONSTRAINT mail_email_bcc_email_id_users_id_e32c3f8f_uniq;
ALTER TABLE ONLY public.mail_category DROP CONSTRAINT mail_category_pkey;
ALTER TABLE ONLY public.mail_category DROP CONSTRAINT mail_category_name_owner_id_1dbd5f2f_uniq;
ALTER TABLE ONLY public.django_session DROP CONSTRAINT django_session_pkey;
ALTER TABLE ONLY public.django_migrations DROP CONSTRAINT django_migrations_pkey;
ALTER TABLE ONLY public.django_content_type DROP CONSTRAINT django_content_type_pkey;
ALTER TABLE ONLY public.django_content_type DROP CONSTRAINT django_content_type_app_label_model_76bd3d3b_uniq;
ALTER TABLE ONLY public.django_admin_log DROP CONSTRAINT django_admin_log_pkey;
ALTER TABLE ONLY public.auth_permission DROP CONSTRAINT auth_permission_pkey;
ALTER TABLE ONLY public.auth_permission DROP CONSTRAINT auth_permission_content_type_id_codename_01ab375a_uniq;
ALTER TABLE ONLY public.auth_group DROP CONSTRAINT auth_group_pkey;
ALTER TABLE ONLY public.auth_group_permissions DROP CONSTRAINT auth_group_permissions_pkey;
ALTER TABLE ONLY public.auth_group_permissions DROP CONSTRAINT auth_group_permissions_group_id_permission_id_0cd325b0_uniq;
ALTER TABLE ONLY public.auth_group DROP CONSTRAINT auth_group_name_key;
ALTER TABLE public.user_users_user_permissions ALTER COLUMN id DROP DEFAULT;
ALTER TABLE public.user_users_groups ALTER COLUMN id DROP DEFAULT;
ALTER TABLE public.user_users ALTER COLUMN id DROP DEFAULT;
ALTER TABLE public.user_contact ALTER COLUMN id DROP DEFAULT;
ALTER TABLE public.user_coderegister ALTER COLUMN id DROP DEFAULT;
ALTER TABLE public.mail_signature ALTER COLUMN id DROP DEFAULT;
ALTER TABLE public.mail_filter ALTER COLUMN id DROP DEFAULT;
ALTER TABLE public.mail_email_recipients ALTER COLUMN id DROP DEFAULT;
ALTER TABLE public.mail_email_cc ALTER COLUMN id DROP DEFAULT;
ALTER TABLE public.mail_email_category ALTER COLUMN id DROP DEFAULT;
ALTER TABLE public.mail_email_bcc ALTER COLUMN id DROP DEFAULT;
ALTER TABLE public.mail_email ALTER COLUMN id DROP DEFAULT;
ALTER TABLE public.mail_category ALTER COLUMN id DROP DEFAULT;
ALTER TABLE public.django_migrations ALTER COLUMN id DROP DEFAULT;
ALTER TABLE public.django_content_type ALTER COLUMN id DROP DEFAULT;
ALTER TABLE public.django_admin_log ALTER COLUMN id DROP DEFAULT;
ALTER TABLE public.auth_permission ALTER COLUMN id DROP DEFAULT;
ALTER TABLE public.auth_group_permissions ALTER COLUMN id DROP DEFAULT;
ALTER TABLE public.auth_group ALTER COLUMN id DROP DEFAULT;
DROP SEQUENCE public.user_users_user_permissions_id_seq;
DROP TABLE public.user_users_user_permissions;
DROP SEQUENCE public.user_users_id_seq;
DROP SEQUENCE public.user_users_groups_id_seq;
DROP TABLE public.user_users_groups;
DROP TABLE public.user_users;
DROP SEQUENCE public.user_contact_id_seq;
DROP TABLE public.user_contact;
DROP SEQUENCE public.user_coderegister_id_seq;
DROP TABLE public.user_coderegister;
DROP SEQUENCE public.mail_signature_id_seq;
DROP TABLE public.mail_signature;
DROP SEQUENCE public.mail_filter_id_seq;
DROP TABLE public.mail_filter;
DROP SEQUENCE public.mail_email_recipients_id_seq;
DROP TABLE public.mail_email_recipients;
DROP SEQUENCE public.mail_email_id_seq;
DROP SEQUENCE public.mail_email_cc_id_seq;
DROP TABLE public.mail_email_cc;
DROP SEQUENCE public.mail_email_category_id_seq;
DROP TABLE public.mail_email_category;
DROP SEQUENCE public.mail_email_bcc_id_seq;
DROP TABLE public.mail_email_bcc;
DROP TABLE public.mail_email;
DROP SEQUENCE public.mail_category_id_seq;
DROP TABLE public.mail_category;
DROP TABLE public.django_session;
DROP SEQUENCE public.django_migrations_id_seq;
DROP TABLE public.django_migrations;
DROP SEQUENCE public.django_content_type_id_seq;
DROP TABLE public.django_content_type;
DROP SEQUENCE public.django_admin_log_id_seq;
DROP TABLE public.django_admin_log;
DROP SEQUENCE public.auth_permission_id_seq;
DROP TABLE public.auth_permission;
DROP SEQUENCE public.auth_group_permissions_id_seq;
DROP TABLE public.auth_group_permissions;
DROP SEQUENCE public.auth_group_id_seq;
DROP TABLE public.auth_group;
SET default_tablespace = '';

SET default_table_access_method = heap;

--
-- Name: auth_group; Type: TABLE; Schema: public; Owner: postgres
--

CREATE TABLE public.auth_group (
    id integer NOT NULL,
    name character varying(150) NOT NULL
);


ALTER TABLE public.auth_group OWNER TO postgres;

--
-- Name: auth_group_id_seq; Type: SEQUENCE; Schema: public; Owner: postgres
--

CREATE SEQUENCE public.auth_group_id_seq
    AS integer
    START WITH 1
    INCREMENT BY 1
    NO MINVALUE
    NO MAXVALUE
    CACHE 1;


ALTER TABLE public.auth_group_id_seq OWNER TO postgres;

--
-- Name: auth_group_id_seq; Type: SEQUENCE OWNED BY; Schema: public; Owner: postgres
--

ALTER SEQUENCE public.auth_group_id_seq OWNED BY public.auth_group.id;


--
-- Name: auth_group_permissions; Type: TABLE; Schema: public; Owner: postgres
--

CREATE TABLE public.auth_group_permissions (
    id bigint NOT NULL,
    group_id integer NOT NULL,
    permission_id integer NOT NULL
);


ALTER TABLE public.auth_group_permissions OWNER TO postgres;

--
-- Name: auth_group_permissions_id_seq; Type: SEQUENCE; Schema: public; Owner: postgres
--

CREATE SEQUENCE public.auth_group_permissions_id_seq
    START WITH 1
    INCREMENT BY 1
    NO MINVALUE
    NO MAXVALUE
    CACHE 1;


ALTER TABLE public.auth_group_permissions_id_seq OWNER TO postgres;

--
-- Name: auth_group_permissions_id_seq; Type: SEQUENCE OWNED BY; Schema: public; Owner: postgres
--

ALTER SEQUENCE public.auth_group_permissions_id_seq OWNED BY public.auth_group_permissions.id;


--
-- Name: auth_permission; Type: TABLE; Schema: public; Owner: postgres
--

CREATE TABLE public.auth_permission (
    id integer NOT NULL,
    name character varying(255) NOT NULL,
    content_type_id integer NOT NULL,
    codename character varying(100) NOT NULL
);


ALTER TABLE public.auth_permission OWNER TO postgres;

--
-- Name: auth_permission_id_seq; Type: SEQUENCE; Schema: public; Owner: postgres
--

CREATE SEQUENCE public.auth_permission_id_seq
    AS integer
    START WITH 1
    INCREMENT BY 1
    NO MINVALUE
    NO MAXVALUE
    CACHE 1;


ALTER TABLE public.auth_permission_id_seq OWNER TO postgres;

--
-- Name: auth_permission_id_seq; Type: SEQUENCE OWNED BY; Schema: public; Owner: postgres
--

ALTER SEQUENCE public.auth_permission_id_seq OWNED BY public.auth_permission.id;


--
-- Name: django_admin_log; Type: TABLE; Schema: public; Owner: postgres
--

CREATE TABLE public.django_admin_log (
    id integer NOT NULL,
    action_time timestamp with time zone NOT NULL,
    object_id text,
    object_repr character varying(200) NOT NULL,
    action_flag smallint NOT NULL,
    change_message text NOT NULL,
    content_type_id integer,
    user_id bigint NOT NULL,
    CONSTRAINT django_admin_log_action_flag_check CHECK ((action_flag >= 0))
);


ALTER TABLE public.django_admin_log OWNER TO postgres;

--
-- Name: django_admin_log_id_seq; Type: SEQUENCE; Schema: public; Owner: postgres
--

CREATE SEQUENCE public.django_admin_log_id_seq
    AS integer
    START WITH 1
    INCREMENT BY 1
    NO MINVALUE
    NO MAXVALUE
    CACHE 1;


ALTER TABLE public.django_admin_log_id_seq OWNER TO postgres;

--
-- Name: django_admin_log_id_seq; Type: SEQUENCE OWNED BY; Schema: public; Owner: postgres
--

ALTER SEQUENCE public.django_admin_log_id_seq OWNED BY public.django_admin_log.id;


--
-- Name: django_content_type; Type: TABLE; Schema: public; Owner: postgres
--

CREATE TABLE public.django_content_type (
    id integer NOT NULL,
    app_label character varying(100) NOT NULL,
    model character varying(100) NOT NULL
);


ALTER TABLE public.django_content_type OWNER TO postgres;

--
-- Name: django_content_type_id_seq; Type: SEQUENCE; Schema: public; Owner: postgres
--

CREATE SEQUENCE public.django_content_type_id_seq
    AS integer
    START WITH 1
    INCREMENT BY 1
    NO MINVALUE
    NO MAXVALUE
    CACHE 1;


ALTER TABLE public.django_content_type_id_seq OWNER TO postgres;

--
-- Name: django_content_type_id_seq; Type: SEQUENCE OWNED BY; Schema: public; Owner: postgres
--

ALTER SEQUENCE public.django_content_type_id_seq OWNED BY public.django_content_type.id;


--
-- Name: django_migrations; Type: TABLE; Schema: public; Owner: postgres
--

CREATE TABLE public.django_migrations (
    id bigint NOT NULL,
    app character varying(255) NOT NULL,
    name character varying(255) NOT NULL,
    applied timestamp with time zone NOT NULL
);


ALTER TABLE public.django_migrations OWNER TO postgres;

--
-- Name: django_migrations_id_seq; Type: SEQUENCE; Schema: public; Owner: postgres
--

CREATE SEQUENCE public.django_migrations_id_seq
    START WITH 1
    INCREMENT BY 1
    NO MINVALUE
    NO MAXVALUE
    CACHE 1;


ALTER TABLE public.django_migrations_id_seq OWNER TO postgres;

--
-- Name: django_migrations_id_seq; Type: SEQUENCE OWNED BY; Schema: public; Owner: postgres
--

ALTER SEQUENCE public.django_migrations_id_seq OWNED BY public.django_migrations.id;


--
-- Name: django_session; Type: TABLE; Schema: public; Owner: postgres
--

CREATE TABLE public.django_session (
    session_key character varying(40) NOT NULL,
    session_data text NOT NULL,
    expire_date timestamp with time zone NOT NULL
);


ALTER TABLE public.django_session OWNER TO postgres;

--
-- Name: mail_category; Type: TABLE; Schema: public; Owner: postgres
--

CREATE TABLE public.mail_category (
    id bigint NOT NULL,
    name character varying(100) NOT NULL,
    owner_id bigint NOT NULL
);


ALTER TABLE public.mail_category OWNER TO postgres;

--
-- Name: mail_category_id_seq; Type: SEQUENCE; Schema: public; Owner: postgres
--

CREATE SEQUENCE public.mail_category_id_seq
    START WITH 1
    INCREMENT BY 1
    NO MINVALUE
    NO MAXVALUE
    CACHE 1;


ALTER TABLE public.mail_category_id_seq OWNER TO postgres;

--
-- Name: mail_category_id_seq; Type: SEQUENCE OWNED BY; Schema: public; Owner: postgres
--

ALTER SEQUENCE public.mail_category_id_seq OWNED BY public.mail_category.id;


--
-- Name: mail_email; Type: TABLE; Schema: public; Owner: postgres
--

CREATE TABLE public.mail_email (
    id bigint NOT NULL,
    subject character varying(255),
    body text,
    created_time timestamp with time zone NOT NULL,
    file character varying(100),
    is_sent boolean NOT NULL,
    signature_id bigint,
    reply_to_id bigint,
    sender_id bigint NOT NULL,
    is_archived boolean NOT NULL,
    is_read boolean NOT NULL,
    is_trashed boolean NOT NULL,
    status character varying(10) NOT NULL
);


ALTER TABLE public.mail_email OWNER TO postgres;

--
-- Name: mail_email_bcc; Type: TABLE; Schema: public; Owner: postgres
--

CREATE TABLE public.mail_email_bcc (
    id bigint NOT NULL,
    email_id bigint NOT NULL,
    users_id bigint NOT NULL
);


ALTER TABLE public.mail_email_bcc OWNER TO postgres;

--
-- Name: mail_email_bcc_id_seq; Type: SEQUENCE; Schema: public; Owner: postgres
--

CREATE SEQUENCE public.mail_email_bcc_id_seq
    START WITH 1
    INCREMENT BY 1
    NO MINVALUE
    NO MAXVALUE
    CACHE 1;


ALTER TABLE public.mail_email_bcc_id_seq OWNER TO postgres;

--
-- Name: mail_email_bcc_id_seq; Type: SEQUENCE OWNED BY; Schema: public; Owner: postgres
--

ALTER SEQUENCE public.mail_email_bcc_id_seq OWNED BY public.mail_email_bcc.id;


--
-- Name: mail_email_category; Type: TABLE; Schema: public; Owner: postgres
--

CREATE TABLE public.mail_email_category (
    id bigint NOT NULL,
    email_id bigint NOT NULL,
    category_id bigint NOT NULL
);


ALTER TABLE public.mail_email_category OWNER TO postgres;

--
-- Name: mail_email_category_id_seq; Type: SEQUENCE; Schema: public; Owner: postgres
--

CREATE SEQUENCE public.mail_email_category_id_seq
    START WITH 1
    INCREMENT BY 1
    NO MINVALUE
    NO MAXVALUE
    CACHE 1;


ALTER TABLE public.mail_email_category_id_seq OWNER TO postgres;

--
-- Name: mail_email_category_id_seq; Type: SEQUENCE OWNED BY; Schema: public; Owner: postgres
--

ALTER SEQUENCE public.mail_email_category_id_seq OWNED BY public.mail_email_category.id;


--
-- Name: mail_email_cc; Type: TABLE; Schema: public; Owner: postgres
--

CREATE TABLE public.mail_email_cc (
    id bigint NOT NULL,
    email_id bigint NOT NULL,
    users_id bigint NOT NULL
);


ALTER TABLE public.mail_email_cc OWNER TO postgres;

--
-- Name: mail_email_cc_id_seq; Type: SEQUENCE; Schema: public; Owner: postgres
--

CREATE SEQUENCE public.mail_email_cc_id_seq
    START WITH 1
    INCREMENT BY 1
    NO MINVALUE
    NO MAXVALUE
    CACHE 1;


ALTER TABLE public.mail_email_cc_id_seq OWNER TO postgres;

--
-- Name: mail_email_cc_id_seq; Type: SEQUENCE OWNED BY; Schema: public; Owner: postgres
--

ALTER SEQUENCE public.mail_email_cc_id_seq OWNED BY public.mail_email_cc.id;


--
-- Name: mail_email_id_seq; Type: SEQUENCE; Schema: public; Owner: postgres
--

CREATE SEQUENCE public.mail_email_id_seq
    START WITH 1
    INCREMENT BY 1
    NO MINVALUE
    NO MAXVALUE
    CACHE 1;


ALTER TABLE public.mail_email_id_seq OWNER TO postgres;

--
-- Name: mail_email_id_seq; Type: SEQUENCE OWNED BY; Schema: public; Owner: postgres
--

ALTER SEQUENCE public.mail_email_id_seq OWNED BY public.mail_email.id;


--
-- Name: mail_email_recipients; Type: TABLE; Schema: public; Owner: postgres
--

CREATE TABLE public.mail_email_recipients (
    id bigint NOT NULL,
    email_id bigint NOT NULL,
    users_id bigint NOT NULL
);


ALTER TABLE public.mail_email_recipients OWNER TO postgres;

--
-- Name: mail_email_recipients_id_seq; Type: SEQUENCE; Schema: public; Owner: postgres
--

CREATE SEQUENCE public.mail_email_recipients_id_seq
    START WITH 1
    INCREMENT BY 1
    NO MINVALUE
    NO MAXVALUE
    CACHE 1;


ALTER TABLE public.mail_email_recipients_id_seq OWNER TO postgres;

--
-- Name: mail_email_recipients_id_seq; Type: SEQUENCE OWNED BY; Schema: public; Owner: postgres
--

ALTER SEQUENCE public.mail_email_recipients_id_seq OWNED BY public.mail_email_recipients.id;


--
-- Name: mail_filter; Type: TABLE; Schema: public; Owner: postgres
--

CREATE TABLE public.mail_filter (
    id bigint NOT NULL,
    text_include character varying(100),
    from_user_id bigint,
    label_id bigint NOT NULL,
    owner_id bigint NOT NULL
);


ALTER TABLE public.mail_filter OWNER TO postgres;

--
-- Name: mail_filter_id_seq; Type: SEQUENCE; Schema: public; Owner: postgres
--

CREATE SEQUENCE public.mail_filter_id_seq
    START WITH 1
    INCREMENT BY 1
    NO MINVALUE
    NO MAXVALUE
    CACHE 1;


ALTER TABLE public.mail_filter_id_seq OWNER TO postgres;

--
-- Name: mail_filter_id_seq; Type: SEQUENCE OWNED BY; Schema: public; Owner: postgres
--

ALTER SEQUENCE public.mail_filter_id_seq OWNED BY public.mail_filter.id;


--
-- Name: mail_signature; Type: TABLE; Schema: public; Owner: postgres
--

CREATE TABLE public.mail_signature (
    id bigint NOT NULL,
    text character varying(100),
    owner_id bigint NOT NULL
);


ALTER TABLE public.mail_signature OWNER TO postgres;

--
-- Name: mail_signature_id_seq; Type: SEQUENCE; Schema: public; Owner: postgres
--

CREATE SEQUENCE public.mail_signature_id_seq
    START WITH 1
    INCREMENT BY 1
    NO MINVALUE
    NO MAXVALUE
    CACHE 1;


ALTER TABLE public.mail_signature_id_seq OWNER TO postgres;

--
-- Name: mail_signature_id_seq; Type: SEQUENCE OWNED BY; Schema: public; Owner: postgres
--

ALTER SEQUENCE public.mail_signature_id_seq OWNED BY public.mail_signature.id;


--
-- Name: user_coderegister; Type: TABLE; Schema: public; Owner: postgres
--

CREATE TABLE public.user_coderegister (
    id bigint NOT NULL,
    code integer NOT NULL,
    phone_number character varying(11) NOT NULL,
    create_at timestamp with time zone NOT NULL
);


ALTER TABLE public.user_coderegister OWNER TO postgres;

--
-- Name: user_coderegister_id_seq; Type: SEQUENCE; Schema: public; Owner: postgres
--

CREATE SEQUENCE public.user_coderegister_id_seq
    START WITH 1
    INCREMENT BY 1
    NO MINVALUE
    NO MAXVALUE
    CACHE 1;


ALTER TABLE public.user_coderegister_id_seq OWNER TO postgres;

--
-- Name: user_coderegister_id_seq; Type: SEQUENCE OWNED BY; Schema: public; Owner: postgres
--

ALTER SEQUENCE public.user_coderegister_id_seq OWNED BY public.user_coderegister.id;


--
-- Name: user_contact; Type: TABLE; Schema: public; Owner: postgres
--

CREATE TABLE public.user_contact (
    id bigint NOT NULL,
    name character varying(100) NOT NULL,
    birth_date date,
    other_email character varying(254),
    phone_number character varying(11),
    email_id bigint,
    owner_id bigint NOT NULL
);


ALTER TABLE public.user_contact OWNER TO postgres;

--
-- Name: user_contact_id_seq; Type: SEQUENCE; Schema: public; Owner: postgres
--

CREATE SEQUENCE public.user_contact_id_seq
    START WITH 1
    INCREMENT BY 1
    NO MINVALUE
    NO MAXVALUE
    CACHE 1;


ALTER TABLE public.user_contact_id_seq OWNER TO postgres;

--
-- Name: user_contact_id_seq; Type: SEQUENCE OWNED BY; Schema: public; Owner: postgres
--

ALTER SEQUENCE public.user_contact_id_seq OWNED BY public.user_contact.id;


--
-- Name: user_users; Type: TABLE; Schema: public; Owner: postgres
--

CREATE TABLE public.user_users (
    id bigint NOT NULL,
    password character varying(128) NOT NULL,
    last_login timestamp with time zone,
    is_superuser boolean NOT NULL,
    first_name character varying(150) NOT NULL,
    last_name character varying(150) NOT NULL,
    is_staff boolean NOT NULL,
    date_joined timestamp with time zone NOT NULL,
    username character varying(150) NOT NULL,
    verification character varying(10) NOT NULL,
    phone character varying(11) NOT NULL,
    email character varying(254) NOT NULL,
    birth_date date,
    nationality character varying(100),
    gender character varying(10),
    is_active boolean NOT NULL
);


ALTER TABLE public.user_users OWNER TO postgres;

--
-- Name: user_users_groups; Type: TABLE; Schema: public; Owner: postgres
--

CREATE TABLE public.user_users_groups (
    id bigint NOT NULL,
    users_id bigint NOT NULL,
    group_id integer NOT NULL
);


ALTER TABLE public.user_users_groups OWNER TO postgres;

--
-- Name: user_users_groups_id_seq; Type: SEQUENCE; Schema: public; Owner: postgres
--

CREATE SEQUENCE public.user_users_groups_id_seq
    START WITH 1
    INCREMENT BY 1
    NO MINVALUE
    NO MAXVALUE
    CACHE 1;


ALTER TABLE public.user_users_groups_id_seq OWNER TO postgres;

--
-- Name: user_users_groups_id_seq; Type: SEQUENCE OWNED BY; Schema: public; Owner: postgres
--

ALTER SEQUENCE public.user_users_groups_id_seq OWNED BY public.user_users_groups.id;


--
-- Name: user_users_id_seq; Type: SEQUENCE; Schema: public; Owner: postgres
--

CREATE SEQUENCE public.user_users_id_seq
    START WITH 1
    INCREMENT BY 1
    NO MINVALUE
    NO MAXVALUE
    CACHE 1;


ALTER TABLE public.user_users_id_seq OWNER TO postgres;

--
-- Name: user_users_id_seq; Type: SEQUENCE OWNED BY; Schema: public; Owner: postgres
--

ALTER SEQUENCE public.user_users_id_seq OWNED BY public.user_users.id;


--
-- Name: user_users_user_permissions; Type: TABLE; Schema: public; Owner: postgres
--

CREATE TABLE public.user_users_user_permissions (
    id bigint NOT NULL,
    users_id bigint NOT NULL,
    permission_id integer NOT NULL
);


ALTER TABLE public.user_users_user_permissions OWNER TO postgres;

--
-- Name: user_users_user_permissions_id_seq; Type: SEQUENCE; Schema: public; Owner: postgres
--

CREATE SEQUENCE public.user_users_user_permissions_id_seq
    START WITH 1
    INCREMENT BY 1
    NO MINVALUE
    NO MAXVALUE
    CACHE 1;


ALTER TABLE public.user_users_user_permissions_id_seq OWNER TO postgres;

--
-- Name: user_users_user_permissions_id_seq; Type: SEQUENCE OWNED BY; Schema: public; Owner: postgres
--

ALTER SEQUENCE public.user_users_user_permissions_id_seq OWNED BY public.user_users_user_permissions.id;


--
-- Name: auth_group id; Type: DEFAULT; Schema: public; Owner: postgres
--

ALTER TABLE ONLY public.auth_group ALTER COLUMN id SET DEFAULT nextval('public.auth_group_id_seq'::regclass);


--
-- Name: auth_group_permissions id; Type: DEFAULT; Schema: public; Owner: postgres
--

ALTER TABLE ONLY public.auth_group_permissions ALTER COLUMN id SET DEFAULT nextval('public.auth_group_permissions_id_seq'::regclass);


--
-- Name: auth_permission id; Type: DEFAULT; Schema: public; Owner: postgres
--

ALTER TABLE ONLY public.auth_permission ALTER COLUMN id SET DEFAULT nextval('public.auth_permission_id_seq'::regclass);


--
-- Name: django_admin_log id; Type: DEFAULT; Schema: public; Owner: postgres
--

ALTER TABLE ONLY public.django_admin_log ALTER COLUMN id SET DEFAULT nextval('public.django_admin_log_id_seq'::regclass);


--
-- Name: django_content_type id; Type: DEFAULT; Schema: public; Owner: postgres
--

ALTER TABLE ONLY public.django_content_type ALTER COLUMN id SET DEFAULT nextval('public.django_content_type_id_seq'::regclass);


--
-- Name: django_migrations id; Type: DEFAULT; Schema: public; Owner: postgres
--

ALTER TABLE ONLY public.django_migrations ALTER COLUMN id SET DEFAULT nextval('public.django_migrations_id_seq'::regclass);


--
-- Name: mail_category id; Type: DEFAULT; Schema: public; Owner: postgres
--

ALTER TABLE ONLY public.mail_category ALTER COLUMN id SET DEFAULT nextval('public.mail_category_id_seq'::regclass);


--
-- Name: mail_email id; Type: DEFAULT; Schema: public; Owner: postgres
--

ALTER TABLE ONLY public.mail_email ALTER COLUMN id SET DEFAULT nextval('public.mail_email_id_seq'::regclass);


--
-- Name: mail_email_bcc id; Type: DEFAULT; Schema: public; Owner: postgres
--

ALTER TABLE ONLY public.mail_email_bcc ALTER COLUMN id SET DEFAULT nextval('public.mail_email_bcc_id_seq'::regclass);


--
-- Name: mail_email_category id; Type: DEFAULT; Schema: public; Owner: postgres
--

ALTER TABLE ONLY public.mail_email_category ALTER COLUMN id SET DEFAULT nextval('public.mail_email_category_id_seq'::regclass);


--
-- Name: mail_email_cc id; Type: DEFAULT; Schema: public; Owner: postgres
--

ALTER TABLE ONLY public.mail_email_cc ALTER COLUMN id SET DEFAULT nextval('public.mail_email_cc_id_seq'::regclass);


--
-- Name: mail_email_recipients id; Type: DEFAULT; Schema: public; Owner: postgres
--

ALTER TABLE ONLY public.mail_email_recipients ALTER COLUMN id SET DEFAULT nextval('public.mail_email_recipients_id_seq'::regclass);


--
-- Name: mail_filter id; Type: DEFAULT; Schema: public; Owner: postgres
--

ALTER TABLE ONLY public.mail_filter ALTER COLUMN id SET DEFAULT nextval('public.mail_filter_id_seq'::regclass);


--
-- Name: mail_signature id; Type: DEFAULT; Schema: public; Owner: postgres
--

ALTER TABLE ONLY public.mail_signature ALTER COLUMN id SET DEFAULT nextval('public.mail_signature_id_seq'::regclass);


--
-- Name: user_coderegister id; Type: DEFAULT; Schema: public; Owner: postgres
--

ALTER TABLE ONLY public.user_coderegister ALTER COLUMN id SET DEFAULT nextval('public.user_coderegister_id_seq'::regclass);


--
-- Name: user_contact id; Type: DEFAULT; Schema: public; Owner: postgres
--

ALTER TABLE ONLY public.user_contact ALTER COLUMN id SET DEFAULT nextval('public.user_contact_id_seq'::regclass);


--
-- Name: user_users id; Type: DEFAULT; Schema: public; Owner: postgres
--

ALTER TABLE ONLY public.user_users ALTER COLUMN id SET DEFAULT nextval('public.user_users_id_seq'::regclass);


--
-- Name: user_users_groups id; Type: DEFAULT; Schema: public; Owner: postgres
--

ALTER TABLE ONLY public.user_users_groups ALTER COLUMN id SET DEFAULT nextval('public.user_users_groups_id_seq'::regclass);


--
-- Name: user_users_user_permissions id; Type: DEFAULT; Schema: public; Owner: postgres
--

ALTER TABLE ONLY public.user_users_user_permissions ALTER COLUMN id SET DEFAULT nextval('public.user_users_user_permissions_id_seq'::regclass);


--
-- Data for Name: auth_group; Type: TABLE DATA; Schema: public; Owner: postgres
--

COPY public.auth_group (id, name) FROM stdin;
\.


--
-- Data for Name: auth_group_permissions; Type: TABLE DATA; Schema: public; Owner: postgres
--

COPY public.auth_group_permissions (id, group_id, permission_id) FROM stdin;
\.


--
-- Data for Name: auth_permission; Type: TABLE DATA; Schema: public; Owner: postgres
--

COPY public.auth_permission (id, name, content_type_id, codename) FROM stdin;
1	Can add log entry	1	add_logentry
2	Can change log entry	1	change_logentry
3	Can delete log entry	1	delete_logentry
4	Can view log entry	1	view_logentry
5	Can add permission	2	add_permission
6	Can change permission	2	change_permission
7	Can delete permission	2	delete_permission
8	Can view permission	2	view_permission
9	Can add group	3	add_group
10	Can change group	3	change_group
11	Can delete group	3	delete_group
12	Can view group	3	view_group
13	Can add content type	4	add_contenttype
14	Can change content type	4	change_contenttype
15	Can delete content type	4	delete_contenttype
16	Can view content type	4	view_contenttype
17	Can add session	5	add_session
18	Can change session	5	change_session
19	Can delete session	5	delete_session
20	Can view session	5	view_session
21	Can add user	6	add_users
22	Can change user	6	change_users
23	Can delete user	6	delete_users
24	Can view user	6	view_users
25	Can add code register	7	add_coderegister
26	Can change code register	7	change_coderegister
27	Can delete code register	7	delete_coderegister
28	Can view code register	7	view_coderegister
29	Can add contact	8	add_contact
30	Can change contact	8	change_contact
31	Can delete contact	8	delete_contact
32	Can view contact	8	view_contact
33	Can add category	9	add_category
34	Can change category	9	change_category
35	Can delete category	9	delete_category
36	Can view category	9	view_category
37	Can add email	10	add_email
38	Can change email	10	change_email
39	Can delete email	10	delete_email
40	Can view email	10	view_email
41	Can add update email of user	11	add_updateemailofuser
42	Can change update email of user	11	change_updateemailofuser
43	Can delete update email of user	11	delete_updateemailofuser
44	Can view update email of user	11	view_updateemailofuser
45	Can add signature	12	add_signature
46	Can change signature	12	change_signature
47	Can delete signature	12	delete_signature
48	Can view signature	12	view_signature
49	Can add filter	13	add_filter
50	Can change filter	13	change_filter
51	Can delete filter	13	delete_filter
52	Can view filter	13	view_filter
\.


--
-- Data for Name: django_admin_log; Type: TABLE DATA; Schema: public; Owner: postgres
--

COPY public.django_admin_log (id, action_time, object_id, object_repr, action_flag, change_message, content_type_id, user_id) FROM stdin;
\.


--
-- Data for Name: django_content_type; Type: TABLE DATA; Schema: public; Owner: postgres
--

COPY public.django_content_type (id, app_label, model) FROM stdin;
1	admin	logentry
2	auth	permission
3	auth	group
4	contenttypes	contenttype
5	sessions	session
6	user	users
7	user	coderegister
8	user	contact
9	mail	category
10	mail	email
11	mail	updateemailofuser
12	mail	signature
13	mail	filter
\.


--
-- Data for Name: django_migrations; Type: TABLE DATA; Schema: public; Owner: postgres
--

COPY public.django_migrations (id, app, name, applied) FROM stdin;
1	contenttypes	0001_initial	2022-03-11 12:34:39.272412+03:30
2	contenttypes	0002_remove_content_type_name	2022-03-11 12:34:39.316288+03:30
3	auth	0001_initial	2022-03-11 12:34:39.42834+03:30
4	auth	0002_alter_permission_name_max_length	2022-03-11 12:34:39.437336+03:30
5	auth	0003_alter_user_email_max_length	2022-03-11 12:34:39.446337+03:30
6	auth	0004_alter_user_username_opts	2022-03-11 12:34:39.462341+03:30
7	auth	0005_alter_user_last_login_null	2022-03-11 12:34:39.475351+03:30
8	auth	0006_require_contenttypes_0002	2022-03-11 12:34:39.484355+03:30
9	auth	0007_alter_validators_add_error_messages	2022-03-11 12:34:39.502343+03:30
10	auth	0008_alter_user_username_max_length	2022-03-11 12:34:39.522338+03:30
11	auth	0009_alter_user_last_name_max_length	2022-03-11 12:34:39.536346+03:30
12	auth	0010_alter_group_name_max_length	2022-03-11 12:34:39.554338+03:30
13	auth	0011_update_proxy_permissions	2022-03-11 12:34:39.566341+03:30
14	auth	0012_alter_user_first_name_max_length	2022-03-11 12:34:39.582342+03:30
15	user	0001_initial	2022-03-11 12:34:39.750341+03:30
16	admin	0001_initial	2022-03-11 12:34:39.809373+03:30
17	admin	0002_logentry_remove_auto_add	2022-03-11 12:34:39.824338+03:30
18	admin	0003_logentry_add_action_flag_choices	2022-03-11 12:34:39.842392+03:30
19	mail	0001_initial	2022-03-11 12:34:40.082843+03:30
20	sessions	0001_initial	2022-03-11 12:34:40.115678+03:30
21	mail	0002_auto_20220312_0025	2022-03-12 00:25:21.556439+03:30
22	user	0002_alter_contact_other_email	2022-03-12 00:29:16.115162+03:30
23	user	0003_auto_20220312_0029	2022-03-12 00:30:03.184698+03:30
24	mail	0003_email_status	2022-03-12 19:03:12.2563+03:30
25	user	0004_auto_20220312_1942	2022-03-12 19:43:00.183484+03:30
26	user	0005_alter_contact_email	2022-03-12 19:45:06.252314+03:30
27	mail	0004_auto_20220315_0134	2022-03-15 01:35:01.204072+03:30
28	mail	0005_filter	2022-03-17 00:51:51.262309+03:30
\.


--
-- Data for Name: django_session; Type: TABLE DATA; Schema: public; Owner: postgres
--

COPY public.django_session (session_key, session_data, expire_date) FROM stdin;
gyeaxnsfv2wp85vza3ro9q22va6yfejo	.eJxVjDsOwyAQBe9CHSH-4JTpfQbEsktwEmHJ2FWUu0dILpL2zcx7s5iOvcaj0xYXZFem2OV3g5Sf1AbAR2r3lee17dsCfCj8pJ3PK9Lrdrp_BzX1OmqTlNPZB0uyoMgWnAVpvFKaVMkeKXgUiFMok7QFQGvAgAaEM1lIxT5f75A4LA:1nUFS7:PDPcppMskJ4YxrRXBhNFnPpFaWnHagidLdztfCOxB6A	2022-04-15 02:45:39.653292+04:30
\.


--
-- Data for Name: mail_category; Type: TABLE DATA; Schema: public; Owner: postgres
--

COPY public.mail_category (id, name, owner_id) FROM stdin;
2	mahdis	1
4	university	2
5	maktab	2
\.


--
-- Data for Name: mail_email; Type: TABLE DATA; Schema: public; Owner: postgres
--

COPY public.mail_email (id, subject, body, created_time, file, is_sent, signature_id, reply_to_id, sender_id, is_archived, is_read, is_trashed, status) FROM stdin;
4	it's good	tery hello .how are you???	2022-03-12 23:38:38.420192+03:30	mahdistz@mail.com/user.contact.csv	f	\N	\N	1	f	f	f	
1	it's good	hhhhhhhhhhhhh	2022-03-12 19:21:19.552733+03:30	mahdistz@mail.com/ERD.pdf	t	\N	\N	1	f	f	f	recipients
5	\N	hello my friend\r\nhow are you?\r\nwhen you come back?\r\ni miss you ...	2022-03-13 23:15:57.624189+03:30		t	\N	\N	2	f	f	f	recipients
6	pdf of exam	hi master\r\nthis is pdf of my exam.\r\ngood luck	2022-03-15 01:49:09.845854+03:30		t	\N	\N	2	f	f	f	recipients
7	\N	to exercise you should must string\r\nand hopeful.	2022-03-15 01:58:54.3003+03:30		t	1	\N	2	f	f	f	recipients
8	hi	my friend	2022-03-15 23:16:11.134661+03:30	Admin@mail.com/bs4_compose_email.html	f	1	\N	2	f	f	f	
10	1	hy friend	2022-03-15 23:17:38.524861+03:30	Admin@mail.com/inbox_compose_message.html	t	2	\N	2	f	f	f	
11	to my lovely friend	hi, i miss you dear\r\ncome back soon.	2022-03-15 23:33:56.919784+03:30	mahdistz@mail.com/ERD_h80u4zP.pdf	t	1	\N	1	f	f	f	recipients
12	to my lovely friend	hi, i miss you dear\r\ncome back soon.	2022-03-15 23:33:56.940788+03:30	mahdistz@mail.com/ERD_SIwDN0x.pdf	t	1	\N	1	f	f	f	cc
13	90	hey everyone i am doing a website for my university athletic, the thing is in my program i created a productbase and then models of this product, for stock control, and i have a problem here in my html of product, i created a select field in html to get the choice the model that someone want to buy, but i need to get the value of the select because is my model pk to put in the cart.	2022-03-16 01:29:26.073614+03:30	mahdistz@mail.com/Simple_email_inbox_page.html	f	\N	\N	1	f	f	f	
14	\N	jkjkjkjkjkjkjk	2022-03-16 01:34:11.160014+03:30		f	\N	\N	1	f	f	f	
15	\N	jht	2022-03-16 01:43:05.616155+03:30		t	4	\N	1	f	f	f	recipients
9	hi	my friend	2022-03-15 23:16:59.168912+03:30	Admin@mail.com/bs4_compose_email_BYDcpGy.html	f	1	\N	2	f	f	t	
\.


--
-- Data for Name: mail_email_bcc; Type: TABLE DATA; Schema: public; Owner: postgres
--

COPY public.mail_email_bcc (id, email_id, users_id) FROM stdin;
\.


--
-- Data for Name: mail_email_category; Type: TABLE DATA; Schema: public; Owner: postgres
--

COPY public.mail_email_category (id, email_id, category_id) FROM stdin;
1	5	5
\.


--
-- Data for Name: mail_email_cc; Type: TABLE DATA; Schema: public; Owner: postgres
--

COPY public.mail_email_cc (id, email_id, users_id) FROM stdin;
1	4	1
2	13	1
\.


--
-- Data for Name: mail_email_recipients; Type: TABLE DATA; Schema: public; Owner: postgres
--

COPY public.mail_email_recipients (id, email_id, users_id) FROM stdin;
1	1	2
4	4	2
5	5	2
6	6	1
7	7	1
8	11	2
9	12	1
10	13	2
11	14	2
12	15	2
\.


--
-- Data for Name: mail_filter; Type: TABLE DATA; Schema: public; Owner: postgres
--

COPY public.mail_filter (id, text_include, from_user_id, label_id, owner_id) FROM stdin;
1	\N	1	2	2
\.


--
-- Data for Name: mail_signature; Type: TABLE DATA; Schema: public; Owner: postgres
--

COPY public.mail_signature (id, text, owner_id) FROM stdin;
1	Mahdis Taghizadeh	2
2	Goodbye	2
4	god plz help me	1
\.


--
-- Data for Name: user_coderegister; Type: TABLE DATA; Schema: public; Owner: postgres
--

COPY public.user_coderegister (id, code, phone_number, create_at) FROM stdin;
\.


--
-- Data for Name: user_contact; Type: TABLE DATA; Schema: public; Owner: postgres
--

COPY public.user_contact (id, name, birth_date, other_email, phone_number, email_id, owner_id) FROM stdin;
13	mahdis	1997-03-30	\N	\N	2	2
14	mah	2000-06-15	test2@gmail.com	09033774653	1	2
16	me	\N	\N	\N	1	1
\.


--
-- Data for Name: user_users; Type: TABLE DATA; Schema: public; Owner: postgres
--

COPY public.user_users (id, password, last_login, is_superuser, first_name, last_name, is_staff, date_joined, username, verification, phone, email, birth_date, nationality, gender, is_active) FROM stdin;
1	pbkdf2_sha256$260000$ytF1R1kGVatQMMrNlLLU1a$DkDgR48XON7DFSyGT2Yn5WsHQYLd3880bxc4c395fuY=	2022-03-15 23:21:13.330153+03:30	f			f	2022-03-11 12:36:14.393803+03:30	mahdistz@mail.com	Phone	09392841705	test@gmail.com	\N	\N	\N	t
2	pbkdf2_sha256$260000$JCQDzzCDEUDhNW4nuyyP8B$iFXAdoslmzhO5uASCVlKCRGkJXxKuaXCcTzG+m8muZQ=	2022-03-16 01:45:39.650295+03:30	f			f	2022-03-12 01:30:23.011119+03:30	Admin@mail.com	Email	09392841708	mahdis.taghizadeh1376@gmail.com	\N	\N	\N	t
\.


--
-- Data for Name: user_users_groups; Type: TABLE DATA; Schema: public; Owner: postgres
--

COPY public.user_users_groups (id, users_id, group_id) FROM stdin;
\.


--
-- Data for Name: user_users_user_permissions; Type: TABLE DATA; Schema: public; Owner: postgres
--

COPY public.user_users_user_permissions (id, users_id, permission_id) FROM stdin;
\.


--
-- Name: auth_group_id_seq; Type: SEQUENCE SET; Schema: public; Owner: postgres
--

SELECT pg_catalog.setval('public.auth_group_id_seq', 1, false);


--
-- Name: auth_group_permissions_id_seq; Type: SEQUENCE SET; Schema: public; Owner: postgres
--

SELECT pg_catalog.setval('public.auth_group_permissions_id_seq', 1, false);


--
-- Name: auth_permission_id_seq; Type: SEQUENCE SET; Schema: public; Owner: postgres
--

SELECT pg_catalog.setval('public.auth_permission_id_seq', 52, true);


--
-- Name: django_admin_log_id_seq; Type: SEQUENCE SET; Schema: public; Owner: postgres
--

SELECT pg_catalog.setval('public.django_admin_log_id_seq', 1, false);


--
-- Name: django_content_type_id_seq; Type: SEQUENCE SET; Schema: public; Owner: postgres
--

SELECT pg_catalog.setval('public.django_content_type_id_seq', 13, true);


--
-- Name: django_migrations_id_seq; Type: SEQUENCE SET; Schema: public; Owner: postgres
--

SELECT pg_catalog.setval('public.django_migrations_id_seq', 28, true);


--
-- Name: mail_category_id_seq; Type: SEQUENCE SET; Schema: public; Owner: postgres
--

SELECT pg_catalog.setval('public.mail_category_id_seq', 6, true);


--
-- Name: mail_email_bcc_id_seq; Type: SEQUENCE SET; Schema: public; Owner: postgres
--

SELECT pg_catalog.setval('public.mail_email_bcc_id_seq', 1, false);


--
-- Name: mail_email_category_id_seq; Type: SEQUENCE SET; Schema: public; Owner: postgres
--

SELECT pg_catalog.setval('public.mail_email_category_id_seq', 2, true);


--
-- Name: mail_email_cc_id_seq; Type: SEQUENCE SET; Schema: public; Owner: postgres
--

SELECT pg_catalog.setval('public.mail_email_cc_id_seq', 2, true);


--
-- Name: mail_email_id_seq; Type: SEQUENCE SET; Schema: public; Owner: postgres
--

SELECT pg_catalog.setval('public.mail_email_id_seq', 15, true);


--
-- Name: mail_email_recipients_id_seq; Type: SEQUENCE SET; Schema: public; Owner: postgres
--

SELECT pg_catalog.setval('public.mail_email_recipients_id_seq', 12, true);


--
-- Name: mail_filter_id_seq; Type: SEQUENCE SET; Schema: public; Owner: postgres
--

SELECT pg_catalog.setval('public.mail_filter_id_seq', 1, true);


--
-- Name: mail_signature_id_seq; Type: SEQUENCE SET; Schema: public; Owner: postgres
--

SELECT pg_catalog.setval('public.mail_signature_id_seq', 4, true);


--
-- Name: user_coderegister_id_seq; Type: SEQUENCE SET; Schema: public; Owner: postgres
--

SELECT pg_catalog.setval('public.user_coderegister_id_seq', 1, true);


--
-- Name: user_contact_id_seq; Type: SEQUENCE SET; Schema: public; Owner: postgres
--

SELECT pg_catalog.setval('public.user_contact_id_seq', 22, true);


--
-- Name: user_users_groups_id_seq; Type: SEQUENCE SET; Schema: public; Owner: postgres
--

SELECT pg_catalog.setval('public.user_users_groups_id_seq', 1, false);


--
-- Name: user_users_id_seq; Type: SEQUENCE SET; Schema: public; Owner: postgres
--

SELECT pg_catalog.setval('public.user_users_id_seq', 2, true);


--
-- Name: user_users_user_permissions_id_seq; Type: SEQUENCE SET; Schema: public; Owner: postgres
--

SELECT pg_catalog.setval('public.user_users_user_permissions_id_seq', 1, false);


--
-- Name: auth_group auth_group_name_key; Type: CONSTRAINT; Schema: public; Owner: postgres
--

ALTER TABLE ONLY public.auth_group
    ADD CONSTRAINT auth_group_name_key UNIQUE (name);


--
-- Name: auth_group_permissions auth_group_permissions_group_id_permission_id_0cd325b0_uniq; Type: CONSTRAINT; Schema: public; Owner: postgres
--

ALTER TABLE ONLY public.auth_group_permissions
    ADD CONSTRAINT auth_group_permissions_group_id_permission_id_0cd325b0_uniq UNIQUE (group_id, permission_id);


--
-- Name: auth_group_permissions auth_group_permissions_pkey; Type: CONSTRAINT; Schema: public; Owner: postgres
--

ALTER TABLE ONLY public.auth_group_permissions
    ADD CONSTRAINT auth_group_permissions_pkey PRIMARY KEY (id);


--
-- Name: auth_group auth_group_pkey; Type: CONSTRAINT; Schema: public; Owner: postgres
--

ALTER TABLE ONLY public.auth_group
    ADD CONSTRAINT auth_group_pkey PRIMARY KEY (id);


--
-- Name: auth_permission auth_permission_content_type_id_codename_01ab375a_uniq; Type: CONSTRAINT; Schema: public; Owner: postgres
--

ALTER TABLE ONLY public.auth_permission
    ADD CONSTRAINT auth_permission_content_type_id_codename_01ab375a_uniq UNIQUE (content_type_id, codename);


--
-- Name: auth_permission auth_permission_pkey; Type: CONSTRAINT; Schema: public; Owner: postgres
--

ALTER TABLE ONLY public.auth_permission
    ADD CONSTRAINT auth_permission_pkey PRIMARY KEY (id);


--
-- Name: django_admin_log django_admin_log_pkey; Type: CONSTRAINT; Schema: public; Owner: postgres
--

ALTER TABLE ONLY public.django_admin_log
    ADD CONSTRAINT django_admin_log_pkey PRIMARY KEY (id);


--
-- Name: django_content_type django_content_type_app_label_model_76bd3d3b_uniq; Type: CONSTRAINT; Schema: public; Owner: postgres
--

ALTER TABLE ONLY public.django_content_type
    ADD CONSTRAINT django_content_type_app_label_model_76bd3d3b_uniq UNIQUE (app_label, model);


--
-- Name: django_content_type django_content_type_pkey; Type: CONSTRAINT; Schema: public; Owner: postgres
--

ALTER TABLE ONLY public.django_content_type
    ADD CONSTRAINT django_content_type_pkey PRIMARY KEY (id);


--
-- Name: django_migrations django_migrations_pkey; Type: CONSTRAINT; Schema: public; Owner: postgres
--

ALTER TABLE ONLY public.django_migrations
    ADD CONSTRAINT django_migrations_pkey PRIMARY KEY (id);


--
-- Name: django_session django_session_pkey; Type: CONSTRAINT; Schema: public; Owner: postgres
--

ALTER TABLE ONLY public.django_session
    ADD CONSTRAINT django_session_pkey PRIMARY KEY (session_key);


--
-- Name: mail_category mail_category_name_owner_id_1dbd5f2f_uniq; Type: CONSTRAINT; Schema: public; Owner: postgres
--

ALTER TABLE ONLY public.mail_category
    ADD CONSTRAINT mail_category_name_owner_id_1dbd5f2f_uniq UNIQUE (name, owner_id);


--
-- Name: mail_category mail_category_pkey; Type: CONSTRAINT; Schema: public; Owner: postgres
--

ALTER TABLE ONLY public.mail_category
    ADD CONSTRAINT mail_category_pkey PRIMARY KEY (id);


--
-- Name: mail_email_bcc mail_email_bcc_email_id_users_id_e32c3f8f_uniq; Type: CONSTRAINT; Schema: public; Owner: postgres
--

ALTER TABLE ONLY public.mail_email_bcc
    ADD CONSTRAINT mail_email_bcc_email_id_users_id_e32c3f8f_uniq UNIQUE (email_id, users_id);


--
-- Name: mail_email_bcc mail_email_bcc_pkey; Type: CONSTRAINT; Schema: public; Owner: postgres
--

ALTER TABLE ONLY public.mail_email_bcc
    ADD CONSTRAINT mail_email_bcc_pkey PRIMARY KEY (id);


--
-- Name: mail_email_category mail_email_category_email_id_category_id_cccefcc8_uniq; Type: CONSTRAINT; Schema: public; Owner: postgres
--

ALTER TABLE ONLY public.mail_email_category
    ADD CONSTRAINT mail_email_category_email_id_category_id_cccefcc8_uniq UNIQUE (email_id, category_id);


--
-- Name: mail_email_category mail_email_category_pkey; Type: CONSTRAINT; Schema: public; Owner: postgres
--

ALTER TABLE ONLY public.mail_email_category
    ADD CONSTRAINT mail_email_category_pkey PRIMARY KEY (id);


--
-- Name: mail_email_cc mail_email_cc_email_id_users_id_4a875970_uniq; Type: CONSTRAINT; Schema: public; Owner: postgres
--

ALTER TABLE ONLY public.mail_email_cc
    ADD CONSTRAINT mail_email_cc_email_id_users_id_4a875970_uniq UNIQUE (email_id, users_id);


--
-- Name: mail_email_cc mail_email_cc_pkey; Type: CONSTRAINT; Schema: public; Owner: postgres
--

ALTER TABLE ONLY public.mail_email_cc
    ADD CONSTRAINT mail_email_cc_pkey PRIMARY KEY (id);


--
-- Name: mail_email mail_email_pkey; Type: CONSTRAINT; Schema: public; Owner: postgres
--

ALTER TABLE ONLY public.mail_email
    ADD CONSTRAINT mail_email_pkey PRIMARY KEY (id);


--
-- Name: mail_email_recipients mail_email_recipients_email_id_users_id_6c6e94dd_uniq; Type: CONSTRAINT; Schema: public; Owner: postgres
--

ALTER TABLE ONLY public.mail_email_recipients
    ADD CONSTRAINT mail_email_recipients_email_id_users_id_6c6e94dd_uniq UNIQUE (email_id, users_id);


--
-- Name: mail_email_recipients mail_email_recipients_pkey; Type: CONSTRAINT; Schema: public; Owner: postgres
--

ALTER TABLE ONLY public.mail_email_recipients
    ADD CONSTRAINT mail_email_recipients_pkey PRIMARY KEY (id);


--
-- Name: mail_filter mail_filter_pkey; Type: CONSTRAINT; Schema: public; Owner: postgres
--

ALTER TABLE ONLY public.mail_filter
    ADD CONSTRAINT mail_filter_pkey PRIMARY KEY (id);


--
-- Name: mail_signature mail_signature_pkey; Type: CONSTRAINT; Schema: public; Owner: postgres
--

ALTER TABLE ONLY public.mail_signature
    ADD CONSTRAINT mail_signature_pkey PRIMARY KEY (id);


--
-- Name: user_coderegister user_coderegister_pkey; Type: CONSTRAINT; Schema: public; Owner: postgres
--

ALTER TABLE ONLY public.user_coderegister
    ADD CONSTRAINT user_coderegister_pkey PRIMARY KEY (id);


--
-- Name: user_contact user_contact_pkey; Type: CONSTRAINT; Schema: public; Owner: postgres
--

ALTER TABLE ONLY public.user_contact
    ADD CONSTRAINT user_contact_pkey PRIMARY KEY (id);


--
-- Name: user_contact user_contact_user_id_email_id_50eb8119_uniq; Type: CONSTRAINT; Schema: public; Owner: postgres
--

ALTER TABLE ONLY public.user_contact
    ADD CONSTRAINT user_contact_user_id_email_id_50eb8119_uniq UNIQUE (owner_id, email_id);


--
-- Name: user_users user_users_email_key; Type: CONSTRAINT; Schema: public; Owner: postgres
--

ALTER TABLE ONLY public.user_users
    ADD CONSTRAINT user_users_email_key UNIQUE (email);


--
-- Name: user_users_groups user_users_groups_pkey; Type: CONSTRAINT; Schema: public; Owner: postgres
--

ALTER TABLE ONLY public.user_users_groups
    ADD CONSTRAINT user_users_groups_pkey PRIMARY KEY (id);


--
-- Name: user_users_groups user_users_groups_users_id_group_id_df5fa2ae_uniq; Type: CONSTRAINT; Schema: public; Owner: postgres
--

ALTER TABLE ONLY public.user_users_groups
    ADD CONSTRAINT user_users_groups_users_id_group_id_df5fa2ae_uniq UNIQUE (users_id, group_id);


--
-- Name: user_users user_users_phone_key; Type: CONSTRAINT; Schema: public; Owner: postgres
--

ALTER TABLE ONLY public.user_users
    ADD CONSTRAINT user_users_phone_key UNIQUE (phone);


--
-- Name: user_users user_users_pkey; Type: CONSTRAINT; Schema: public; Owner: postgres
--

ALTER TABLE ONLY public.user_users
    ADD CONSTRAINT user_users_pkey PRIMARY KEY (id);


--
-- Name: user_users_user_permissions user_users_user_permissi_users_id_permission_id_5fc04ed5_uniq; Type: CONSTRAINT; Schema: public; Owner: postgres
--

ALTER TABLE ONLY public.user_users_user_permissions
    ADD CONSTRAINT user_users_user_permissi_users_id_permission_id_5fc04ed5_uniq UNIQUE (users_id, permission_id);


--
-- Name: user_users_user_permissions user_users_user_permissions_pkey; Type: CONSTRAINT; Schema: public; Owner: postgres
--

ALTER TABLE ONLY public.user_users_user_permissions
    ADD CONSTRAINT user_users_user_permissions_pkey PRIMARY KEY (id);


--
-- Name: user_users user_users_username_key; Type: CONSTRAINT; Schema: public; Owner: postgres
--

ALTER TABLE ONLY public.user_users
    ADD CONSTRAINT user_users_username_key UNIQUE (username);


--
-- Name: auth_group_name_a6ea08ec_like; Type: INDEX; Schema: public; Owner: postgres
--

CREATE INDEX auth_group_name_a6ea08ec_like ON public.auth_group USING btree (name varchar_pattern_ops);


--
-- Name: auth_group_permissions_group_id_b120cbf9; Type: INDEX; Schema: public; Owner: postgres
--

CREATE INDEX auth_group_permissions_group_id_b120cbf9 ON public.auth_group_permissions USING btree (group_id);


--
-- Name: auth_group_permissions_permission_id_84c5c92e; Type: INDEX; Schema: public; Owner: postgres
--

CREATE INDEX auth_group_permissions_permission_id_84c5c92e ON public.auth_group_permissions USING btree (permission_id);


--
-- Name: auth_permission_content_type_id_2f476e4b; Type: INDEX; Schema: public; Owner: postgres
--

CREATE INDEX auth_permission_content_type_id_2f476e4b ON public.auth_permission USING btree (content_type_id);


--
-- Name: django_admin_log_content_type_id_c4bce8eb; Type: INDEX; Schema: public; Owner: postgres
--

CREATE INDEX django_admin_log_content_type_id_c4bce8eb ON public.django_admin_log USING btree (content_type_id);


--
-- Name: django_admin_log_user_id_c564eba6; Type: INDEX; Schema: public; Owner: postgres
--

CREATE INDEX django_admin_log_user_id_c564eba6 ON public.django_admin_log USING btree (user_id);


--
-- Name: django_session_expire_date_a5c62663; Type: INDEX; Schema: public; Owner: postgres
--

CREATE INDEX django_session_expire_date_a5c62663 ON public.django_session USING btree (expire_date);


--
-- Name: django_session_session_key_c0390e0f_like; Type: INDEX; Schema: public; Owner: postgres
--

CREATE INDEX django_session_session_key_c0390e0f_like ON public.django_session USING btree (session_key varchar_pattern_ops);


--
-- Name: mail_category_owner_id_9ce90553; Type: INDEX; Schema: public; Owner: postgres
--

CREATE INDEX mail_category_owner_id_9ce90553 ON public.mail_category USING btree (owner_id);


--
-- Name: mail_email_bcc_email_id_019fd01b; Type: INDEX; Schema: public; Owner: postgres
--

CREATE INDEX mail_email_bcc_email_id_019fd01b ON public.mail_email_bcc USING btree (email_id);


--
-- Name: mail_email_bcc_users_id_7f583820; Type: INDEX; Schema: public; Owner: postgres
--

CREATE INDEX mail_email_bcc_users_id_7f583820 ON public.mail_email_bcc USING btree (users_id);


--
-- Name: mail_email_category_category_id_7aa11786; Type: INDEX; Schema: public; Owner: postgres
--

CREATE INDEX mail_email_category_category_id_7aa11786 ON public.mail_email_category USING btree (category_id);


--
-- Name: mail_email_category_email_id_b4e82e47; Type: INDEX; Schema: public; Owner: postgres
--

CREATE INDEX mail_email_category_email_id_b4e82e47 ON public.mail_email_category USING btree (email_id);


--
-- Name: mail_email_cc_email_id_82bd2bb5; Type: INDEX; Schema: public; Owner: postgres
--

CREATE INDEX mail_email_cc_email_id_82bd2bb5 ON public.mail_email_cc USING btree (email_id);


--
-- Name: mail_email_cc_users_id_cc5c244a; Type: INDEX; Schema: public; Owner: postgres
--

CREATE INDEX mail_email_cc_users_id_cc5c244a ON public.mail_email_cc USING btree (users_id);


--
-- Name: mail_email_recipients_email_id_8554d849; Type: INDEX; Schema: public; Owner: postgres
--

CREATE INDEX mail_email_recipients_email_id_8554d849 ON public.mail_email_recipients USING btree (email_id);


--
-- Name: mail_email_recipients_users_id_16f46083; Type: INDEX; Schema: public; Owner: postgres
--

CREATE INDEX mail_email_recipients_users_id_16f46083 ON public.mail_email_recipients USING btree (users_id);


--
-- Name: mail_email_reply_to_id_f55bc634; Type: INDEX; Schema: public; Owner: postgres
--

CREATE INDEX mail_email_reply_to_id_f55bc634 ON public.mail_email USING btree (reply_to_id);


--
-- Name: mail_email_sender_id_102f874d; Type: INDEX; Schema: public; Owner: postgres
--

CREATE INDEX mail_email_sender_id_102f874d ON public.mail_email USING btree (sender_id);


--
-- Name: mail_email_signature_id_f0378076; Type: INDEX; Schema: public; Owner: postgres
--

CREATE INDEX mail_email_signature_id_f0378076 ON public.mail_email USING btree (signature_id);


--
-- Name: mail_filter_from_user_id_a95c7fb4; Type: INDEX; Schema: public; Owner: postgres
--

CREATE INDEX mail_filter_from_user_id_a95c7fb4 ON public.mail_filter USING btree (from_user_id);


--
-- Name: mail_filter_label_id_abc2295a; Type: INDEX; Schema: public; Owner: postgres
--

CREATE INDEX mail_filter_label_id_abc2295a ON public.mail_filter USING btree (label_id);


--
-- Name: mail_filter_owner_id_0acd4079; Type: INDEX; Schema: public; Owner: postgres
--

CREATE INDEX mail_filter_owner_id_0acd4079 ON public.mail_filter USING btree (owner_id);


--
-- Name: mail_signature_owner_id_86bef9ce; Type: INDEX; Schema: public; Owner: postgres
--

CREATE INDEX mail_signature_owner_id_86bef9ce ON public.mail_signature USING btree (owner_id);


--
-- Name: user_contact_email_id_d50e2efd; Type: INDEX; Schema: public; Owner: postgres
--

CREATE INDEX user_contact_email_id_d50e2efd ON public.user_contact USING btree (email_id);


--
-- Name: user_contact_user_id_06fd0470; Type: INDEX; Schema: public; Owner: postgres
--

CREATE INDEX user_contact_user_id_06fd0470 ON public.user_contact USING btree (owner_id);


--
-- Name: user_users_email_3e8dac5f_like; Type: INDEX; Schema: public; Owner: postgres
--

CREATE INDEX user_users_email_3e8dac5f_like ON public.user_users USING btree (email varchar_pattern_ops);


--
-- Name: user_users_groups_group_id_5df0dc90; Type: INDEX; Schema: public; Owner: postgres
--

CREATE INDEX user_users_groups_group_id_5df0dc90 ON public.user_users_groups USING btree (group_id);


--
-- Name: user_users_groups_users_id_232e6679; Type: INDEX; Schema: public; Owner: postgres
--

CREATE INDEX user_users_groups_users_id_232e6679 ON public.user_users_groups USING btree (users_id);


--
-- Name: user_users_phone_2cb027d8_like; Type: INDEX; Schema: public; Owner: postgres
--

CREATE INDEX user_users_phone_2cb027d8_like ON public.user_users USING btree (phone varchar_pattern_ops);


--
-- Name: user_users_user_permissions_permission_id_8c68afab; Type: INDEX; Schema: public; Owner: postgres
--

CREATE INDEX user_users_user_permissions_permission_id_8c68afab ON public.user_users_user_permissions USING btree (permission_id);


--
-- Name: user_users_user_permissions_users_id_e1262029; Type: INDEX; Schema: public; Owner: postgres
--

CREATE INDEX user_users_user_permissions_users_id_e1262029 ON public.user_users_user_permissions USING btree (users_id);


--
-- Name: user_users_username_2da30a0a_like; Type: INDEX; Schema: public; Owner: postgres
--

CREATE INDEX user_users_username_2da30a0a_like ON public.user_users USING btree (username varchar_pattern_ops);


--
-- Name: auth_group_permissions auth_group_permissio_permission_id_84c5c92e_fk_auth_perm; Type: FK CONSTRAINT; Schema: public; Owner: postgres
--

ALTER TABLE ONLY public.auth_group_permissions
    ADD CONSTRAINT auth_group_permissio_permission_id_84c5c92e_fk_auth_perm FOREIGN KEY (permission_id) REFERENCES public.auth_permission(id) DEFERRABLE INITIALLY DEFERRED;


--
-- Name: auth_group_permissions auth_group_permissions_group_id_b120cbf9_fk_auth_group_id; Type: FK CONSTRAINT; Schema: public; Owner: postgres
--

ALTER TABLE ONLY public.auth_group_permissions
    ADD CONSTRAINT auth_group_permissions_group_id_b120cbf9_fk_auth_group_id FOREIGN KEY (group_id) REFERENCES public.auth_group(id) DEFERRABLE INITIALLY DEFERRED;


--
-- Name: auth_permission auth_permission_content_type_id_2f476e4b_fk_django_co; Type: FK CONSTRAINT; Schema: public; Owner: postgres
--

ALTER TABLE ONLY public.auth_permission
    ADD CONSTRAINT auth_permission_content_type_id_2f476e4b_fk_django_co FOREIGN KEY (content_type_id) REFERENCES public.django_content_type(id) DEFERRABLE INITIALLY DEFERRED;


--
-- Name: django_admin_log django_admin_log_content_type_id_c4bce8eb_fk_django_co; Type: FK CONSTRAINT; Schema: public; Owner: postgres
--

ALTER TABLE ONLY public.django_admin_log
    ADD CONSTRAINT django_admin_log_content_type_id_c4bce8eb_fk_django_co FOREIGN KEY (content_type_id) REFERENCES public.django_content_type(id) DEFERRABLE INITIALLY DEFERRED;


--
-- Name: django_admin_log django_admin_log_user_id_c564eba6_fk_user_users_id; Type: FK CONSTRAINT; Schema: public; Owner: postgres
--

ALTER TABLE ONLY public.django_admin_log
    ADD CONSTRAINT django_admin_log_user_id_c564eba6_fk_user_users_id FOREIGN KEY (user_id) REFERENCES public.user_users(id) DEFERRABLE INITIALLY DEFERRED;


--
-- Name: mail_category mail_category_owner_id_9ce90553_fk_user_users_id; Type: FK CONSTRAINT; Schema: public; Owner: postgres
--

ALTER TABLE ONLY public.mail_category
    ADD CONSTRAINT mail_category_owner_id_9ce90553_fk_user_users_id FOREIGN KEY (owner_id) REFERENCES public.user_users(id) DEFERRABLE INITIALLY DEFERRED;


--
-- Name: mail_email_bcc mail_email_bcc_email_id_019fd01b_fk_mail_email_id; Type: FK CONSTRAINT; Schema: public; Owner: postgres
--

ALTER TABLE ONLY public.mail_email_bcc
    ADD CONSTRAINT mail_email_bcc_email_id_019fd01b_fk_mail_email_id FOREIGN KEY (email_id) REFERENCES public.mail_email(id) DEFERRABLE INITIALLY DEFERRED;


--
-- Name: mail_email_bcc mail_email_bcc_users_id_7f583820_fk_user_users_id; Type: FK CONSTRAINT; Schema: public; Owner: postgres
--

ALTER TABLE ONLY public.mail_email_bcc
    ADD CONSTRAINT mail_email_bcc_users_id_7f583820_fk_user_users_id FOREIGN KEY (users_id) REFERENCES public.user_users(id) DEFERRABLE INITIALLY DEFERRED;


--
-- Name: mail_email_category mail_email_category_category_id_7aa11786_fk_mail_category_id; Type: FK CONSTRAINT; Schema: public; Owner: postgres
--

ALTER TABLE ONLY public.mail_email_category
    ADD CONSTRAINT mail_email_category_category_id_7aa11786_fk_mail_category_id FOREIGN KEY (category_id) REFERENCES public.mail_category(id) DEFERRABLE INITIALLY DEFERRED;


--
-- Name: mail_email_category mail_email_category_email_id_b4e82e47_fk_mail_email_id; Type: FK CONSTRAINT; Schema: public; Owner: postgres
--

ALTER TABLE ONLY public.mail_email_category
    ADD CONSTRAINT mail_email_category_email_id_b4e82e47_fk_mail_email_id FOREIGN KEY (email_id) REFERENCES public.mail_email(id) DEFERRABLE INITIALLY DEFERRED;


--
-- Name: mail_email_cc mail_email_cc_email_id_82bd2bb5_fk_mail_email_id; Type: FK CONSTRAINT; Schema: public; Owner: postgres
--

ALTER TABLE ONLY public.mail_email_cc
    ADD CONSTRAINT mail_email_cc_email_id_82bd2bb5_fk_mail_email_id FOREIGN KEY (email_id) REFERENCES public.mail_email(id) DEFERRABLE INITIALLY DEFERRED;


--
-- Name: mail_email_cc mail_email_cc_users_id_cc5c244a_fk_user_users_id; Type: FK CONSTRAINT; Schema: public; Owner: postgres
--

ALTER TABLE ONLY public.mail_email_cc
    ADD CONSTRAINT mail_email_cc_users_id_cc5c244a_fk_user_users_id FOREIGN KEY (users_id) REFERENCES public.user_users(id) DEFERRABLE INITIALLY DEFERRED;


--
-- Name: mail_email_recipients mail_email_recipients_email_id_8554d849_fk_mail_email_id; Type: FK CONSTRAINT; Schema: public; Owner: postgres
--

ALTER TABLE ONLY public.mail_email_recipients
    ADD CONSTRAINT mail_email_recipients_email_id_8554d849_fk_mail_email_id FOREIGN KEY (email_id) REFERENCES public.mail_email(id) DEFERRABLE INITIALLY DEFERRED;


--
-- Name: mail_email_recipients mail_email_recipients_users_id_16f46083_fk_user_users_id; Type: FK CONSTRAINT; Schema: public; Owner: postgres
--

ALTER TABLE ONLY public.mail_email_recipients
    ADD CONSTRAINT mail_email_recipients_users_id_16f46083_fk_user_users_id FOREIGN KEY (users_id) REFERENCES public.user_users(id) DEFERRABLE INITIALLY DEFERRED;


--
-- Name: mail_email mail_email_reply_to_id_f55bc634_fk_mail_email_id; Type: FK CONSTRAINT; Schema: public; Owner: postgres
--

ALTER TABLE ONLY public.mail_email
    ADD CONSTRAINT mail_email_reply_to_id_f55bc634_fk_mail_email_id FOREIGN KEY (reply_to_id) REFERENCES public.mail_email(id) DEFERRABLE INITIALLY DEFERRED;


--
-- Name: mail_email mail_email_sender_id_102f874d_fk_user_users_id; Type: FK CONSTRAINT; Schema: public; Owner: postgres
--

ALTER TABLE ONLY public.mail_email
    ADD CONSTRAINT mail_email_sender_id_102f874d_fk_user_users_id FOREIGN KEY (sender_id) REFERENCES public.user_users(id) DEFERRABLE INITIALLY DEFERRED;


--
-- Name: mail_email mail_email_signature_id_f0378076_fk_mail_signature_id; Type: FK CONSTRAINT; Schema: public; Owner: postgres
--

ALTER TABLE ONLY public.mail_email
    ADD CONSTRAINT mail_email_signature_id_f0378076_fk_mail_signature_id FOREIGN KEY (signature_id) REFERENCES public.mail_signature(id) DEFERRABLE INITIALLY DEFERRED;


--
-- Name: mail_filter mail_filter_from_user_id_a95c7fb4_fk_user_users_id; Type: FK CONSTRAINT; Schema: public; Owner: postgres
--

ALTER TABLE ONLY public.mail_filter
    ADD CONSTRAINT mail_filter_from_user_id_a95c7fb4_fk_user_users_id FOREIGN KEY (from_user_id) REFERENCES public.user_users(id) DEFERRABLE INITIALLY DEFERRED;


--
-- Name: mail_filter mail_filter_label_id_abc2295a_fk_mail_category_id; Type: FK CONSTRAINT; Schema: public; Owner: postgres
--

ALTER TABLE ONLY public.mail_filter
    ADD CONSTRAINT mail_filter_label_id_abc2295a_fk_mail_category_id FOREIGN KEY (label_id) REFERENCES public.mail_category(id) DEFERRABLE INITIALLY DEFERRED;


--
-- Name: mail_filter mail_filter_owner_id_0acd4079_fk_user_users_id; Type: FK CONSTRAINT; Schema: public; Owner: postgres
--

ALTER TABLE ONLY public.mail_filter
    ADD CONSTRAINT mail_filter_owner_id_0acd4079_fk_user_users_id FOREIGN KEY (owner_id) REFERENCES public.user_users(id) DEFERRABLE INITIALLY DEFERRED;


--
-- Name: mail_signature mail_signature_owner_id_86bef9ce_fk_user_users_id; Type: FK CONSTRAINT; Schema: public; Owner: postgres
--

ALTER TABLE ONLY public.mail_signature
    ADD CONSTRAINT mail_signature_owner_id_86bef9ce_fk_user_users_id FOREIGN KEY (owner_id) REFERENCES public.user_users(id) DEFERRABLE INITIALLY DEFERRED;


--
-- Name: user_contact user_contact_email_id_d50e2efd_fk_user_users_id; Type: FK CONSTRAINT; Schema: public; Owner: postgres
--

ALTER TABLE ONLY public.user_contact
    ADD CONSTRAINT user_contact_email_id_d50e2efd_fk_user_users_id FOREIGN KEY (email_id) REFERENCES public.user_users(id) DEFERRABLE INITIALLY DEFERRED;


--
-- Name: user_contact user_contact_owner_id_bebf54f3_fk_user_users_id; Type: FK CONSTRAINT; Schema: public; Owner: postgres
--

ALTER TABLE ONLY public.user_contact
    ADD CONSTRAINT user_contact_owner_id_bebf54f3_fk_user_users_id FOREIGN KEY (owner_id) REFERENCES public.user_users(id) DEFERRABLE INITIALLY DEFERRED;


--
-- Name: user_users_groups user_users_groups_group_id_5df0dc90_fk_auth_group_id; Type: FK CONSTRAINT; Schema: public; Owner: postgres
--

ALTER TABLE ONLY public.user_users_groups
    ADD CONSTRAINT user_users_groups_group_id_5df0dc90_fk_auth_group_id FOREIGN KEY (group_id) REFERENCES public.auth_group(id) DEFERRABLE INITIALLY DEFERRED;


--
-- Name: user_users_groups user_users_groups_users_id_232e6679_fk_user_users_id; Type: FK CONSTRAINT; Schema: public; Owner: postgres
--

ALTER TABLE ONLY public.user_users_groups
    ADD CONSTRAINT user_users_groups_users_id_232e6679_fk_user_users_id FOREIGN KEY (users_id) REFERENCES public.user_users(id) DEFERRABLE INITIALLY DEFERRED;


--
-- Name: user_users_user_permissions user_users_user_perm_permission_id_8c68afab_fk_auth_perm; Type: FK CONSTRAINT; Schema: public; Owner: postgres
--

ALTER TABLE ONLY public.user_users_user_permissions
    ADD CONSTRAINT user_users_user_perm_permission_id_8c68afab_fk_auth_perm FOREIGN KEY (permission_id) REFERENCES public.auth_permission(id) DEFERRABLE INITIALLY DEFERRED;


--
-- Name: user_users_user_permissions user_users_user_permissions_users_id_e1262029_fk_user_users_id; Type: FK CONSTRAINT; Schema: public; Owner: postgres
--

ALTER TABLE ONLY public.user_users_user_permissions
    ADD CONSTRAINT user_users_user_permissions_users_id_e1262029_fk_user_users_id FOREIGN KEY (users_id) REFERENCES public.user_users(id) DEFERRABLE INITIALLY DEFERRED;


--
-- PostgreSQL database dump complete
--

