--
-- PostgreSQL database dump
--

-- Dumped from database version 14.1
-- Dumped by pg_dump version 14.1

SET statement_timeout = 0;
SET lock_timeout = 0;
SET idle_in_transaction_session_timeout = 0;
SET client_encoding = 'UTF8';
SET standard_conforming_strings = on;
SELECT pg_catalog.set_config('search_path', '', false);
SET check_function_bodies = false;
SET xmloption = content;
SET client_min_messages = warning;
SET row_security = off;

ALTER TABLE ONLY public.user_users_user_permissions DROP CONSTRAINT user_users_user_permissions_users_id_e1262029_fk_user_users_id;
ALTER TABLE ONLY public.user_users_user_permissions DROP CONSTRAINT user_users_user_perm_permission_id_8c68afab_fk_auth_perm;
ALTER TABLE ONLY public.user_users_groups DROP CONSTRAINT user_users_groups_users_id_232e6679_fk_user_users_id;
ALTER TABLE ONLY public.user_users_groups DROP CONSTRAINT user_users_groups_group_id_5df0dc90_fk_auth_group_id;
ALTER TABLE ONLY public.user_contact DROP CONSTRAINT user_contact_user_id_06fd0470_fk_user_users_id;
ALTER TABLE ONLY public.user_contact DROP CONSTRAINT user_contact_email_id_d50e2efd_fk_user_users_id;
ALTER TABLE ONLY public.mail_updateemailofuser DROP CONSTRAINT mail_updateemailofuser_user_id_d64fdc22_fk_user_users_id;
ALTER TABLE ONLY public.mail_updateemailofuser DROP CONSTRAINT mail_updateemailofuser_email_id_5d13eec4_fk_mail_email_id;
ALTER TABLE ONLY public.mail_email_recipients DROP CONSTRAINT mail_email_to_users_id_faf33a00_fk_user_users_id;
ALTER TABLE ONLY public.mail_email_recipients DROP CONSTRAINT mail_email_to_email_id_5a3d6cd6_fk_mail_email_id;
ALTER TABLE ONLY public.mail_email DROP CONSTRAINT mail_email_sender_id_102f874d_fk_user_users_id;
ALTER TABLE ONLY public.mail_email DROP CONSTRAINT mail_email_reply_to_id_f55bc634_fk_mail_email_id;
ALTER TABLE ONLY public.mail_email_category DROP CONSTRAINT mail_email_mail_email_id_0d02e404_fk_mail_email_id;
ALTER TABLE ONLY public.mail_email_category DROP CONSTRAINT mail_email_mail_category_id_ccdeaea6_fk_mail_category_id;
ALTER TABLE ONLY public.mail_email_cc DROP CONSTRAINT mail_email_cc_users_id_cc5c244a_fk_user_users_id;
ALTER TABLE ONLY public.mail_email_cc DROP CONSTRAINT mail_email_cc_email_id_82bd2bb5_fk_mail_email_id;
ALTER TABLE ONLY public.mail_email_bcc DROP CONSTRAINT mail_email_bcc_users_id_7f583820_fk_user_users_id;
ALTER TABLE ONLY public.mail_email_bcc DROP CONSTRAINT mail_email_bcc_email_id_019fd01b_fk_mail_email_id;
ALTER TABLE ONLY public.mail_category DROP CONSTRAINT mail_category_owner_id_9ce90553_fk_user_users_id;
ALTER TABLE ONLY public.django_admin_log DROP CONSTRAINT django_admin_log_user_id_c564eba6_fk_user_users_id;
ALTER TABLE ONLY public.django_admin_log DROP CONSTRAINT django_admin_log_content_type_id_c4bce8eb_fk_django_co;
ALTER TABLE ONLY public.auth_permission DROP CONSTRAINT auth_permission_content_type_id_2f476e4b_fk_django_co;
ALTER TABLE ONLY public.auth_group_permissions DROP CONSTRAINT auth_group_permissions_group_id_b120cbf9_fk_auth_group_id;
ALTER TABLE ONLY public.auth_group_permissions DROP CONSTRAINT auth_group_permissio_permission_id_84c5c92e_fk_auth_perm;
DROP INDEX public.user_users_username_2da30a0a_like;
DROP INDEX public.user_users_user_permissions_users_id_e1262029;
DROP INDEX public.user_users_user_permissions_permission_id_8c68afab;
DROP INDEX public.user_users_phone_number_6b70f3ac_like;
DROP INDEX public.user_users_groups_users_id_232e6679;
DROP INDEX public.user_users_groups_group_id_5df0dc90;
DROP INDEX public.user_users_email_3e8dac5f_like;
DROP INDEX public.user_contact_user_id_06fd0470;
DROP INDEX public.user_contact_email_id_d50e2efd;
DROP INDEX public.mail_updateemailofuser_user_id_d64fdc22;
DROP INDEX public.mail_updateemailofuser_email_id_5d13eec4;
DROP INDEX public.mail_email_to_users_id_faf33a00;
DROP INDEX public.mail_email_to_email_id_5a3d6cd6;
DROP INDEX public.mail_email_sender_id_102f874d;
DROP INDEX public.mail_email_reply_to_id_f55bc634;
DROP INDEX public.mail_email_mail_email_id_0d02e404;
DROP INDEX public.mail_email_mail_category_id_ccdeaea6;
DROP INDEX public.mail_email_cc_users_id_cc5c244a;
DROP INDEX public.mail_email_cc_email_id_82bd2bb5;
DROP INDEX public.mail_email_bcc_users_id_7f583820;
DROP INDEX public.mail_email_bcc_email_id_019fd01b;
DROP INDEX public.mail_category_owner_id_9ce90553;
DROP INDEX public.django_session_session_key_c0390e0f_like;
DROP INDEX public.django_session_expire_date_a5c62663;
DROP INDEX public.django_admin_log_user_id_c564eba6;
DROP INDEX public.django_admin_log_content_type_id_c4bce8eb;
DROP INDEX public.auth_permission_content_type_id_2f476e4b;
DROP INDEX public.auth_group_permissions_permission_id_84c5c92e;
DROP INDEX public.auth_group_permissions_group_id_b120cbf9;
DROP INDEX public.auth_group_name_a6ea08ec_like;
ALTER TABLE ONLY public.user_users DROP CONSTRAINT user_users_username_key;
ALTER TABLE ONLY public.user_users_user_permissions DROP CONSTRAINT user_users_user_permissions_pkey;
ALTER TABLE ONLY public.user_users_user_permissions DROP CONSTRAINT user_users_user_permissi_users_id_permission_id_5fc04ed5_uniq;
ALTER TABLE ONLY public.user_users DROP CONSTRAINT user_users_pkey;
ALTER TABLE ONLY public.user_users DROP CONSTRAINT user_users_phone_number_key;
ALTER TABLE ONLY public.user_users_groups DROP CONSTRAINT user_users_groups_users_id_group_id_df5fa2ae_uniq;
ALTER TABLE ONLY public.user_users_groups DROP CONSTRAINT user_users_groups_pkey;
ALTER TABLE ONLY public.user_users DROP CONSTRAINT user_users_email_key;
ALTER TABLE ONLY public.user_contact DROP CONSTRAINT user_contact_user_id_email_7ec37915_uniq;
ALTER TABLE ONLY public.user_contact DROP CONSTRAINT user_contact_pkey;
ALTER TABLE ONLY public.mail_updateemailofuser DROP CONSTRAINT mail_updateemailofuser_pkey;
ALTER TABLE ONLY public.mail_email_recipients DROP CONSTRAINT mail_email_to_pkey;
ALTER TABLE ONLY public.mail_email_recipients DROP CONSTRAINT mail_email_to_email_id_users_id_b771b0bf_uniq;
ALTER TABLE ONLY public.mail_email DROP CONSTRAINT mail_email_pkey;
ALTER TABLE ONLY public.mail_email_category DROP CONSTRAINT mail_email_mail_pkey;
ALTER TABLE ONLY public.mail_email_category DROP CONSTRAINT mail_email_mail_email_id_category_id_eb572df5_uniq;
ALTER TABLE ONLY public.mail_email_cc DROP CONSTRAINT mail_email_cc_pkey;
ALTER TABLE ONLY public.mail_email_cc DROP CONSTRAINT mail_email_cc_email_id_users_id_4a875970_uniq;
ALTER TABLE ONLY public.mail_email_bcc DROP CONSTRAINT mail_email_bcc_pkey;
ALTER TABLE ONLY public.mail_email_bcc DROP CONSTRAINT mail_email_bcc_email_id_users_id_e32c3f8f_uniq;
ALTER TABLE ONLY public.mail_category DROP CONSTRAINT mail_category_pkey;
ALTER TABLE ONLY public.mail_category DROP CONSTRAINT mail_category_name_owner_id_1dbd5f2f_uniq;
ALTER TABLE ONLY public.django_session DROP CONSTRAINT django_session_pkey;
ALTER TABLE ONLY public.django_migrations DROP CONSTRAINT django_migrations_pkey;
ALTER TABLE ONLY public.django_content_type DROP CONSTRAINT django_content_type_pkey;
ALTER TABLE ONLY public.django_content_type DROP CONSTRAINT django_content_type_app_label_model_76bd3d3b_uniq;
ALTER TABLE ONLY public.django_admin_log DROP CONSTRAINT django_admin_log_pkey;
ALTER TABLE ONLY public.auth_permission DROP CONSTRAINT auth_permission_pkey;
ALTER TABLE ONLY public.auth_permission DROP CONSTRAINT auth_permission_content_type_id_codename_01ab375a_uniq;
ALTER TABLE ONLY public.auth_group DROP CONSTRAINT auth_group_pkey;
ALTER TABLE ONLY public.auth_group_permissions DROP CONSTRAINT auth_group_permissions_pkey;
ALTER TABLE ONLY public.auth_group_permissions DROP CONSTRAINT auth_group_permissions_group_id_permission_id_0cd325b0_uniq;
ALTER TABLE ONLY public.auth_group DROP CONSTRAINT auth_group_name_key;
ALTER TABLE public.user_users_user_permissions ALTER COLUMN id DROP DEFAULT;
ALTER TABLE public.user_users_groups ALTER COLUMN id DROP DEFAULT;
ALTER TABLE public.user_users ALTER COLUMN id DROP DEFAULT;
ALTER TABLE public.user_contact ALTER COLUMN id DROP DEFAULT;
ALTER TABLE public.mail_updateemailofuser ALTER COLUMN id DROP DEFAULT;
ALTER TABLE public.mail_email_recipients ALTER COLUMN id DROP DEFAULT;
ALTER TABLE public.mail_email_cc ALTER COLUMN id DROP DEFAULT;
ALTER TABLE public.mail_email_category ALTER COLUMN id DROP DEFAULT;
ALTER TABLE public.mail_email_bcc ALTER COLUMN id DROP DEFAULT;
ALTER TABLE public.mail_email ALTER COLUMN id DROP DEFAULT;
ALTER TABLE public.mail_category ALTER COLUMN id DROP DEFAULT;
ALTER TABLE public.django_migrations ALTER COLUMN id DROP DEFAULT;
ALTER TABLE public.django_content_type ALTER COLUMN id DROP DEFAULT;
ALTER TABLE public.django_admin_log ALTER COLUMN id DROP DEFAULT;
ALTER TABLE public.auth_permission ALTER COLUMN id DROP DEFAULT;
ALTER TABLE public.auth_group_permissions ALTER COLUMN id DROP DEFAULT;
ALTER TABLE public.auth_group ALTER COLUMN id DROP DEFAULT;
DROP SEQUENCE public.user_users_user_permissions_id_seq;
DROP TABLE public.user_users_user_permissions;
DROP SEQUENCE public.user_users_id_seq;
DROP SEQUENCE public.user_users_groups_id_seq;
DROP TABLE public.user_users_groups;
DROP TABLE public.user_users;
DROP SEQUENCE public.user_contact_id_seq;
DROP TABLE public.user_contact;
DROP SEQUENCE public.mail_updateemailofuser_id_seq;
DROP TABLE public.mail_updateemailofuser;
DROP SEQUENCE public.mail_email_to_id_seq;
DROP TABLE public.mail_email_recipients;
DROP SEQUENCE public.mail_email_mail_id_seq;
DROP SEQUENCE public.mail_email_id_seq;
DROP SEQUENCE public.mail_email_cc_id_seq;
DROP TABLE public.mail_email_cc;
DROP TABLE public.mail_email_category;
DROP SEQUENCE public.mail_email_bcc_id_seq;
DROP TABLE public.mail_email_bcc;
DROP TABLE public.mail_email;
DROP SEQUENCE public.mail_category_id_seq;
DROP TABLE public.mail_category;
DROP TABLE public.django_session;
DROP SEQUENCE public.django_migrations_id_seq;
DROP TABLE public.django_migrations;
DROP SEQUENCE public.django_content_type_id_seq;
DROP TABLE public.django_content_type;
DROP SEQUENCE public.django_admin_log_id_seq;
DROP TABLE public.django_admin_log;
DROP SEQUENCE public.auth_permission_id_seq;
DROP TABLE public.auth_permission;
DROP SEQUENCE public.auth_group_permissions_id_seq;
DROP TABLE public.auth_group_permissions;
DROP SEQUENCE public.auth_group_id_seq;
DROP TABLE public.auth_group;
SET default_tablespace = '';

SET default_table_access_method = heap;

--
-- Name: auth_group; Type: TABLE; Schema: public; Owner: postgres
--

CREATE TABLE public.auth_group (
    id integer NOT NULL,
    name character varying(150) NOT NULL
);


ALTER TABLE public.auth_group OWNER TO postgres;

--
-- Name: auth_group_id_seq; Type: SEQUENCE; Schema: public; Owner: postgres
--

CREATE SEQUENCE public.auth_group_id_seq
    AS integer
    START WITH 1
    INCREMENT BY 1
    NO MINVALUE
    NO MAXVALUE
    CACHE 1;


ALTER TABLE public.auth_group_id_seq OWNER TO postgres;

--
-- Name: auth_group_id_seq; Type: SEQUENCE OWNED BY; Schema: public; Owner: postgres
--

ALTER SEQUENCE public.auth_group_id_seq OWNED BY public.auth_group.id;


--
-- Name: auth_group_permissions; Type: TABLE; Schema: public; Owner: postgres
--

CREATE TABLE public.auth_group_permissions (
    id bigint NOT NULL,
    group_id integer NOT NULL,
    permission_id integer NOT NULL
);


ALTER TABLE public.auth_group_permissions OWNER TO postgres;

--
-- Name: auth_group_permissions_id_seq; Type: SEQUENCE; Schema: public; Owner: postgres
--

CREATE SEQUENCE public.auth_group_permissions_id_seq
    START WITH 1
    INCREMENT BY 1
    NO MINVALUE
    NO MAXVALUE
    CACHE 1;


ALTER TABLE public.auth_group_permissions_id_seq OWNER TO postgres;

--
-- Name: auth_group_permissions_id_seq; Type: SEQUENCE OWNED BY; Schema: public; Owner: postgres
--

ALTER SEQUENCE public.auth_group_permissions_id_seq OWNED BY public.auth_group_permissions.id;


--
-- Name: auth_permission; Type: TABLE; Schema: public; Owner: postgres
--

CREATE TABLE public.auth_permission (
    id integer NOT NULL,
    name character varying(255) NOT NULL,
    content_type_id integer NOT NULL,
    codename character varying(100) NOT NULL
);


ALTER TABLE public.auth_permission OWNER TO postgres;

--
-- Name: auth_permission_id_seq; Type: SEQUENCE; Schema: public; Owner: postgres
--

CREATE SEQUENCE public.auth_permission_id_seq
    AS integer
    START WITH 1
    INCREMENT BY 1
    NO MINVALUE
    NO MAXVALUE
    CACHE 1;


ALTER TABLE public.auth_permission_id_seq OWNER TO postgres;

--
-- Name: auth_permission_id_seq; Type: SEQUENCE OWNED BY; Schema: public; Owner: postgres
--

ALTER SEQUENCE public.auth_permission_id_seq OWNED BY public.auth_permission.id;


--
-- Name: django_admin_log; Type: TABLE; Schema: public; Owner: postgres
--

CREATE TABLE public.django_admin_log (
    id integer NOT NULL,
    action_time timestamp with time zone NOT NULL,
    object_id text,
    object_repr character varying(200) NOT NULL,
    action_flag smallint NOT NULL,
    change_message text NOT NULL,
    content_type_id integer,
    user_id bigint NOT NULL,
    CONSTRAINT django_admin_log_action_flag_check CHECK ((action_flag >= 0))
);


ALTER TABLE public.django_admin_log OWNER TO postgres;

--
-- Name: django_admin_log_id_seq; Type: SEQUENCE; Schema: public; Owner: postgres
--

CREATE SEQUENCE public.django_admin_log_id_seq
    AS integer
    START WITH 1
    INCREMENT BY 1
    NO MINVALUE
    NO MAXVALUE
    CACHE 1;


ALTER TABLE public.django_admin_log_id_seq OWNER TO postgres;

--
-- Name: django_admin_log_id_seq; Type: SEQUENCE OWNED BY; Schema: public; Owner: postgres
--

ALTER SEQUENCE public.django_admin_log_id_seq OWNED BY public.django_admin_log.id;


--
-- Name: django_content_type; Type: TABLE; Schema: public; Owner: postgres
--

CREATE TABLE public.django_content_type (
    id integer NOT NULL,
    app_label character varying(100) NOT NULL,
    model character varying(100) NOT NULL
);


ALTER TABLE public.django_content_type OWNER TO postgres;

--
-- Name: django_content_type_id_seq; Type: SEQUENCE; Schema: public; Owner: postgres
--

CREATE SEQUENCE public.django_content_type_id_seq
    AS integer
    START WITH 1
    INCREMENT BY 1
    NO MINVALUE
    NO MAXVALUE
    CACHE 1;


ALTER TABLE public.django_content_type_id_seq OWNER TO postgres;

--
-- Name: django_content_type_id_seq; Type: SEQUENCE OWNED BY; Schema: public; Owner: postgres
--

ALTER SEQUENCE public.django_content_type_id_seq OWNED BY public.django_content_type.id;


--
-- Name: django_migrations; Type: TABLE; Schema: public; Owner: postgres
--

CREATE TABLE public.django_migrations (
    id bigint NOT NULL,
    app character varying(255) NOT NULL,
    name character varying(255) NOT NULL,
    applied timestamp with time zone NOT NULL
);


ALTER TABLE public.django_migrations OWNER TO postgres;

--
-- Name: django_migrations_id_seq; Type: SEQUENCE; Schema: public; Owner: postgres
--

CREATE SEQUENCE public.django_migrations_id_seq
    START WITH 1
    INCREMENT BY 1
    NO MINVALUE
    NO MAXVALUE
    CACHE 1;


ALTER TABLE public.django_migrations_id_seq OWNER TO postgres;

--
-- Name: django_migrations_id_seq; Type: SEQUENCE OWNED BY; Schema: public; Owner: postgres
--

ALTER SEQUENCE public.django_migrations_id_seq OWNED BY public.django_migrations.id;


--
-- Name: django_session; Type: TABLE; Schema: public; Owner: postgres
--

CREATE TABLE public.django_session (
    session_key character varying(40) NOT NULL,
    session_data text NOT NULL,
    expire_date timestamp with time zone NOT NULL
);


ALTER TABLE public.django_session OWNER TO postgres;

--
-- Name: mail_category; Type: TABLE; Schema: public; Owner: postgres
--

CREATE TABLE public.mail_category (
    id bigint NOT NULL,
    name character varying(100) NOT NULL,
    owner_id bigint NOT NULL
);


ALTER TABLE public.mail_category OWNER TO postgres;

--
-- Name: mail_category_id_seq; Type: SEQUENCE; Schema: public; Owner: postgres
--

CREATE SEQUENCE public.mail_category_id_seq
    START WITH 1
    INCREMENT BY 1
    NO MINVALUE
    NO MAXVALUE
    CACHE 1;


ALTER TABLE public.mail_category_id_seq OWNER TO postgres;

--
-- Name: mail_category_id_seq; Type: SEQUENCE OWNED BY; Schema: public; Owner: postgres
--

ALTER SEQUENCE public.mail_category_id_seq OWNED BY public.mail_category.id;


--
-- Name: mail_email; Type: TABLE; Schema: public; Owner: postgres
--

CREATE TABLE public.mail_email (
    id bigint NOT NULL,
    subject character varying(255),
    body text,
    created_time timestamp with time zone NOT NULL,
    sender_id bigint NOT NULL,
    file character varying(100),
    is_sent boolean NOT NULL,
    signature character varying(100),
    reply_to_id bigint
);


ALTER TABLE public.mail_email OWNER TO postgres;

--
-- Name: mail_email_bcc; Type: TABLE; Schema: public; Owner: postgres
--

CREATE TABLE public.mail_email_bcc (
    id bigint NOT NULL,
    email_id bigint NOT NULL,
    users_id bigint NOT NULL
);


ALTER TABLE public.mail_email_bcc OWNER TO postgres;

--
-- Name: mail_email_bcc_id_seq; Type: SEQUENCE; Schema: public; Owner: postgres
--

CREATE SEQUENCE public.mail_email_bcc_id_seq
    START WITH 1
    INCREMENT BY 1
    NO MINVALUE
    NO MAXVALUE
    CACHE 1;


ALTER TABLE public.mail_email_bcc_id_seq OWNER TO postgres;

--
-- Name: mail_email_bcc_id_seq; Type: SEQUENCE OWNED BY; Schema: public; Owner: postgres
--

ALTER SEQUENCE public.mail_email_bcc_id_seq OWNED BY public.mail_email_bcc.id;


--
-- Name: mail_email_category; Type: TABLE; Schema: public; Owner: postgres
--

CREATE TABLE public.mail_email_category (
    id bigint NOT NULL,
    email_id bigint NOT NULL,
    category_id bigint NOT NULL
);


ALTER TABLE public.mail_email_category OWNER TO postgres;

--
-- Name: mail_email_cc; Type: TABLE; Schema: public; Owner: postgres
--

CREATE TABLE public.mail_email_cc (
    id bigint NOT NULL,
    email_id bigint NOT NULL,
    users_id bigint NOT NULL
);


ALTER TABLE public.mail_email_cc OWNER TO postgres;

--
-- Name: mail_email_cc_id_seq; Type: SEQUENCE; Schema: public; Owner: postgres
--

CREATE SEQUENCE public.mail_email_cc_id_seq
    START WITH 1
    INCREMENT BY 1
    NO MINVALUE
    NO MAXVALUE
    CACHE 1;


ALTER TABLE public.mail_email_cc_id_seq OWNER TO postgres;

--
-- Name: mail_email_cc_id_seq; Type: SEQUENCE OWNED BY; Schema: public; Owner: postgres
--

ALTER SEQUENCE public.mail_email_cc_id_seq OWNED BY public.mail_email_cc.id;


--
-- Name: mail_email_id_seq; Type: SEQUENCE; Schema: public; Owner: postgres
--

CREATE SEQUENCE public.mail_email_id_seq
    START WITH 1
    INCREMENT BY 1
    NO MINVALUE
    NO MAXVALUE
    CACHE 1;


ALTER TABLE public.mail_email_id_seq OWNER TO postgres;

--
-- Name: mail_email_id_seq; Type: SEQUENCE OWNED BY; Schema: public; Owner: postgres
--

ALTER SEQUENCE public.mail_email_id_seq OWNED BY public.mail_email.id;


--
-- Name: mail_email_mail_id_seq; Type: SEQUENCE; Schema: public; Owner: postgres
--

CREATE SEQUENCE public.mail_email_mail_id_seq
    START WITH 1
    INCREMENT BY 1
    NO MINVALUE
    NO MAXVALUE
    CACHE 1;


ALTER TABLE public.mail_email_mail_id_seq OWNER TO postgres;

--
-- Name: mail_email_mail_id_seq; Type: SEQUENCE OWNED BY; Schema: public; Owner: postgres
--

ALTER SEQUENCE public.mail_email_mail_id_seq OWNED BY public.mail_email_category.id;


--
-- Name: mail_email_recipients; Type: TABLE; Schema: public; Owner: postgres
--

CREATE TABLE public.mail_email_recipients (
    id bigint NOT NULL,
    email_id bigint NOT NULL,
    users_id bigint NOT NULL
);


ALTER TABLE public.mail_email_recipients OWNER TO postgres;

--
-- Name: mail_email_to_id_seq; Type: SEQUENCE; Schema: public; Owner: postgres
--

CREATE SEQUENCE public.mail_email_to_id_seq
    START WITH 1
    INCREMENT BY 1
    NO MINVALUE
    NO MAXVALUE
    CACHE 1;


ALTER TABLE public.mail_email_to_id_seq OWNER TO postgres;

--
-- Name: mail_email_to_id_seq; Type: SEQUENCE OWNED BY; Schema: public; Owner: postgres
--

ALTER SEQUENCE public.mail_email_to_id_seq OWNED BY public.mail_email_recipients.id;


--
-- Name: mail_updateemailofuser; Type: TABLE; Schema: public; Owner: postgres
--

CREATE TABLE public.mail_updateemailofuser (
    id bigint NOT NULL,
    email_id bigint NOT NULL,
    user_id bigint NOT NULL,
    is_archived boolean NOT NULL,
    is_read boolean NOT NULL,
    is_trashed boolean NOT NULL
);


ALTER TABLE public.mail_updateemailofuser OWNER TO postgres;

--
-- Name: mail_updateemailofuser_id_seq; Type: SEQUENCE; Schema: public; Owner: postgres
--

CREATE SEQUENCE public.mail_updateemailofuser_id_seq
    START WITH 1
    INCREMENT BY 1
    NO MINVALUE
    NO MAXVALUE
    CACHE 1;


ALTER TABLE public.mail_updateemailofuser_id_seq OWNER TO postgres;

--
-- Name: mail_updateemailofuser_id_seq; Type: SEQUENCE OWNED BY; Schema: public; Owner: postgres
--

ALTER SEQUENCE public.mail_updateemailofuser_id_seq OWNED BY public.mail_updateemailofuser.id;


--
-- Name: user_contact; Type: TABLE; Schema: public; Owner: postgres
--

CREATE TABLE public.user_contact (
    id bigint NOT NULL,
    user_id bigint NOT NULL,
    email_id bigint,
    name character varying(100) NOT NULL,
    birth_date1 date,
    other_email character varying(254) NOT NULL,
    phone_number1 character varying(11)
);


ALTER TABLE public.user_contact OWNER TO postgres;

--
-- Name: user_contact_id_seq; Type: SEQUENCE; Schema: public; Owner: postgres
--

CREATE SEQUENCE public.user_contact_id_seq
    START WITH 1
    INCREMENT BY 1
    NO MINVALUE
    NO MAXVALUE
    CACHE 1;


ALTER TABLE public.user_contact_id_seq OWNER TO postgres;

--
-- Name: user_contact_id_seq; Type: SEQUENCE OWNED BY; Schema: public; Owner: postgres
--

ALTER SEQUENCE public.user_contact_id_seq OWNED BY public.user_contact.id;


--
-- Name: user_users; Type: TABLE; Schema: public; Owner: postgres
--

CREATE TABLE public.user_users (
    id bigint NOT NULL,
    password character varying(128) NOT NULL,
    last_login timestamp with time zone,
    is_superuser boolean NOT NULL,
    first_name character varying(150) NOT NULL,
    last_name character varying(150) NOT NULL,
    is_staff boolean NOT NULL,
    date_joined timestamp with time zone NOT NULL,
    username character varying(150) NOT NULL,
    phone character varying(11) NOT NULL,
    email character varying(254) NOT NULL,
    birth_date date,
    nationality character varying(100),
    gender character varying(10),
    is_active boolean NOT NULL,
    verification character varying(10) NOT NULL
);


ALTER TABLE public.user_users OWNER TO postgres;

--
-- Name: user_users_groups; Type: TABLE; Schema: public; Owner: postgres
--

CREATE TABLE public.user_users_groups (
    id bigint NOT NULL,
    users_id bigint NOT NULL,
    group_id integer NOT NULL
);


ALTER TABLE public.user_users_groups OWNER TO postgres;

--
-- Name: user_users_groups_id_seq; Type: SEQUENCE; Schema: public; Owner: postgres
--

CREATE SEQUENCE public.user_users_groups_id_seq
    START WITH 1
    INCREMENT BY 1
    NO MINVALUE
    NO MAXVALUE
    CACHE 1;


ALTER TABLE public.user_users_groups_id_seq OWNER TO postgres;

--
-- Name: user_users_groups_id_seq; Type: SEQUENCE OWNED BY; Schema: public; Owner: postgres
--

ALTER SEQUENCE public.user_users_groups_id_seq OWNED BY public.user_users_groups.id;


--
-- Name: user_users_id_seq; Type: SEQUENCE; Schema: public; Owner: postgres
--

CREATE SEQUENCE public.user_users_id_seq
    START WITH 1
    INCREMENT BY 1
    NO MINVALUE
    NO MAXVALUE
    CACHE 1;


ALTER TABLE public.user_users_id_seq OWNER TO postgres;

--
-- Name: user_users_id_seq; Type: SEQUENCE OWNED BY; Schema: public; Owner: postgres
--

ALTER SEQUENCE public.user_users_id_seq OWNED BY public.user_users.id;


--
-- Name: user_users_user_permissions; Type: TABLE; Schema: public; Owner: postgres
--

CREATE TABLE public.user_users_user_permissions (
    id bigint NOT NULL,
    users_id bigint NOT NULL,
    permission_id integer NOT NULL
);


ALTER TABLE public.user_users_user_permissions OWNER TO postgres;

--
-- Name: user_users_user_permissions_id_seq; Type: SEQUENCE; Schema: public; Owner: postgres
--

CREATE SEQUENCE public.user_users_user_permissions_id_seq
    START WITH 1
    INCREMENT BY 1
    NO MINVALUE
    NO MAXVALUE
    CACHE 1;


ALTER TABLE public.user_users_user_permissions_id_seq OWNER TO postgres;

--
-- Name: user_users_user_permissions_id_seq; Type: SEQUENCE OWNED BY; Schema: public; Owner: postgres
--

ALTER SEQUENCE public.user_users_user_permissions_id_seq OWNED BY public.user_users_user_permissions.id;


--
-- Name: auth_group id; Type: DEFAULT; Schema: public; Owner: postgres
--

ALTER TABLE ONLY public.auth_group ALTER COLUMN id SET DEFAULT nextval('public.auth_group_id_seq'::regclass);


--
-- Name: auth_group_permissions id; Type: DEFAULT; Schema: public; Owner: postgres
--

ALTER TABLE ONLY public.auth_group_permissions ALTER COLUMN id SET DEFAULT nextval('public.auth_group_permissions_id_seq'::regclass);


--
-- Name: auth_permission id; Type: DEFAULT; Schema: public; Owner: postgres
--

ALTER TABLE ONLY public.auth_permission ALTER COLUMN id SET DEFAULT nextval('public.auth_permission_id_seq'::regclass);


--
-- Name: django_admin_log id; Type: DEFAULT; Schema: public; Owner: postgres
--

ALTER TABLE ONLY public.django_admin_log ALTER COLUMN id SET DEFAULT nextval('public.django_admin_log_id_seq'::regclass);


--
-- Name: django_content_type id; Type: DEFAULT; Schema: public; Owner: postgres
--

ALTER TABLE ONLY public.django_content_type ALTER COLUMN id SET DEFAULT nextval('public.django_content_type_id_seq'::regclass);


--
-- Name: django_migrations id; Type: DEFAULT; Schema: public; Owner: postgres
--

ALTER TABLE ONLY public.django_migrations ALTER COLUMN id SET DEFAULT nextval('public.django_migrations_id_seq'::regclass);


--
-- Name: mail_category id; Type: DEFAULT; Schema: public; Owner: postgres
--

ALTER TABLE ONLY public.mail_category ALTER COLUMN id SET DEFAULT nextval('public.mail_category_id_seq'::regclass);


--
-- Name: mail_email id; Type: DEFAULT; Schema: public; Owner: postgres
--

ALTER TABLE ONLY public.mail_email ALTER COLUMN id SET DEFAULT nextval('public.mail_email_id_seq'::regclass);


--
-- Name: mail_email_bcc id; Type: DEFAULT; Schema: public; Owner: postgres
--

ALTER TABLE ONLY public.mail_email_bcc ALTER COLUMN id SET DEFAULT nextval('public.mail_email_bcc_id_seq'::regclass);


--
-- Name: mail_email_category id; Type: DEFAULT; Schema: public; Owner: postgres
--

ALTER TABLE ONLY public.mail_email_category ALTER COLUMN id SET DEFAULT nextval('public.mail_email_mail_id_seq'::regclass);


--
-- Name: mail_email_cc id; Type: DEFAULT; Schema: public; Owner: postgres
--

ALTER TABLE ONLY public.mail_email_cc ALTER COLUMN id SET DEFAULT nextval('public.mail_email_cc_id_seq'::regclass);


--
-- Name: mail_email_recipients id; Type: DEFAULT; Schema: public; Owner: postgres
--

ALTER TABLE ONLY public.mail_email_recipients ALTER COLUMN id SET DEFAULT nextval('public.mail_email_to_id_seq'::regclass);


--
-- Name: mail_updateemailofuser id; Type: DEFAULT; Schema: public; Owner: postgres
--

ALTER TABLE ONLY public.mail_updateemailofuser ALTER COLUMN id SET DEFAULT nextval('public.mail_updateemailofuser_id_seq'::regclass);


--
-- Name: user_contact id; Type: DEFAULT; Schema: public; Owner: postgres
--

ALTER TABLE ONLY public.user_contact ALTER COLUMN id SET DEFAULT nextval('public.user_contact_id_seq'::regclass);


--
-- Name: user_users id; Type: DEFAULT; Schema: public; Owner: postgres
--

ALTER TABLE ONLY public.user_users ALTER COLUMN id SET DEFAULT nextval('public.user_users_id_seq'::regclass);


--
-- Name: user_users_groups id; Type: DEFAULT; Schema: public; Owner: postgres
--

ALTER TABLE ONLY public.user_users_groups ALTER COLUMN id SET DEFAULT nextval('public.user_users_groups_id_seq'::regclass);


--
-- Name: user_users_user_permissions id; Type: DEFAULT; Schema: public; Owner: postgres
--

ALTER TABLE ONLY public.user_users_user_permissions ALTER COLUMN id SET DEFAULT nextval('public.user_users_user_permissions_id_seq'::regclass);


--
-- Data for Name: auth_group; Type: TABLE DATA; Schema: public; Owner: postgres
--

COPY public.auth_group (id, name) FROM stdin;
\.


--
-- Data for Name: auth_group_permissions; Type: TABLE DATA; Schema: public; Owner: postgres
--

COPY public.auth_group_permissions (id, group_id, permission_id) FROM stdin;
\.


--
-- Data for Name: auth_permission; Type: TABLE DATA; Schema: public; Owner: postgres
--

COPY public.auth_permission (id, name, content_type_id, codename) FROM stdin;
1	Can add log entry	1	add_logentry
2	Can change log entry	1	change_logentry
3	Can delete log entry	1	delete_logentry
4	Can view log entry	1	view_logentry
5	Can add permission	2	add_permission
6	Can change permission	2	change_permission
7	Can delete permission	2	delete_permission
8	Can view permission	2	view_permission
9	Can add group	3	add_group
10	Can change group	3	change_group
11	Can delete group	3	delete_group
12	Can view group	3	view_group
13	Can add content type	4	add_contenttype
14	Can change content type	4	change_contenttype
15	Can delete content type	4	delete_contenttype
16	Can view content type	4	view_contenttype
17	Can add session	5	add_session
18	Can change session	5	change_session
19	Can delete session	5	delete_session
20	Can view session	5	view_session
21	Can add user	6	add_users
22	Can change user	6	change_users
23	Can delete user	6	delete_users
24	Can view user	6	view_users
25	Can add category	7	add_category
26	Can change category	7	change_category
27	Can delete category	7	delete_category
28	Can view category	7	view_category
29	Can add email	8	add_email
30	Can change email	8	change_email
31	Can delete email	8	delete_email
32	Can view email	8	view_email
33	Can add contact	9	add_contact
34	Can change contact	9	change_contact
35	Can delete contact	9	delete_contact
36	Can view contact	9	view_contact
37	Can add code register	10	add_coderegister
38	Can change code register	10	change_coderegister
39	Can delete code register	10	delete_coderegister
40	Can view code register	10	view_coderegister
41	Can add Mailbox	11	add_mailbox
42	Can change Mailbox	11	change_mailbox
43	Can delete Mailbox	11	delete_mailbox
44	Can view Mailbox	11	view_mailbox
45	Can add E-mail message	12	add_message
46	Can change E-mail message	12	change_message
47	Can delete E-mail message	12	delete_message
48	Can view E-mail message	12	view_message
49	Can add Message attachment	13	add_messageattachment
50	Can change Message attachment	13	change_messageattachment
51	Can delete Message attachment	13	delete_messageattachment
52	Can view Message attachment	13	view_messageattachment
53	Can add update email of user	14	add_updateemailofuser
54	Can change update email of user	14	change_updateemailofuser
55	Can delete update email of user	14	delete_updateemailofuser
56	Can view update email of user	14	view_updateemailofuser
\.


--
-- Data for Name: django_admin_log; Type: TABLE DATA; Schema: public; Owner: postgres
--

COPY public.django_admin_log (id, action_time, object_id, object_repr, action_flag, change_message, content_type_id, user_id) FROM stdin;
1	2022-02-28 23:14:36.622675+03:30	1	Category object (1)	1	[{"added": {}}]	7	37
2	2022-02-28 23:15:08.05415+03:30	1	From: Admin, Sub: it's good	1	[{"added": {}}]	8	37
3	2022-03-01 14:41:59.99541+03:30	37	Admin1	2	[{"changed": {"fields": ["Email address"]}}]	6	37
4	2022-03-07 01:42:29.775418+03:30	26	From: Admin@mail.com, Sub: hi mahdis123	1	[{"added": {}}]	8	37
5	2022-03-07 01:44:44.713713+03:30	27	From: mahdistz1234@mail.com, Sub: None	1	[{"added": {}}]	8	37
6	2022-03-07 19:44:47.385679+03:30	43	From: Admin@mail.com, Sub: hi test email	1	[{"added": {}}]	8	37
\.


--
-- Data for Name: django_content_type; Type: TABLE DATA; Schema: public; Owner: postgres
--

COPY public.django_content_type (id, app_label, model) FROM stdin;
1	admin	logentry
2	auth	permission
3	auth	group
4	contenttypes	contenttype
5	sessions	session
6	user	users
7	mail	category
8	mail	email
9	user	contact
10	user	coderegister
11	django_mailbox	mailbox
12	django_mailbox	message
13	django_mailbox	messageattachment
14	mail	updateemailofuser
\.


--
-- Data for Name: django_migrations; Type: TABLE DATA; Schema: public; Owner: postgres
--

COPY public.django_migrations (id, app, name, applied) FROM stdin;
1	contenttypes	0001_initial	2022-02-20 23:29:51.117024+03:30
2	contenttypes	0002_remove_content_type_name	2022-02-20 23:29:51.554158+03:30
3	auth	0001_initial	2022-02-20 23:29:51.697733+03:30
4	auth	0002_alter_permission_name_max_length	2022-02-20 23:29:51.710699+03:30
5	auth	0003_alter_user_email_max_length	2022-02-20 23:29:51.723662+03:30
6	auth	0004_alter_user_username_opts	2022-02-20 23:29:51.733634+03:30
7	auth	0005_alter_user_last_login_null	2022-02-20 23:29:51.743608+03:30
8	auth	0006_require_contenttypes_0002	2022-02-20 23:29:51.746631+03:30
9	auth	0007_alter_validators_add_error_messages	2022-02-20 23:29:51.753581+03:30
10	auth	0008_alter_user_username_max_length	2022-02-20 23:29:51.76156+03:30
11	auth	0009_alter_user_last_name_max_length	2022-02-20 23:29:51.769539+03:30
12	auth	0010_alter_group_name_max_length	2022-02-20 23:29:51.787091+03:30
13	auth	0011_update_proxy_permissions	2022-02-20 23:29:51.798091+03:30
14	auth	0012_alter_user_first_name_max_length	2022-02-20 23:29:51.807033+03:30
15	user	0001_initial	2022-02-20 23:29:51.917001+03:30
16	admin	0001_initial	2022-02-20 23:29:51.963716+03:30
17	admin	0002_logentry_remove_auto_add	2022-02-20 23:29:51.979201+03:30
18	admin	0003_logentry_add_action_flag_choices	2022-02-20 23:29:51.990649+03:30
19	mail	0001_initial	2022-02-20 23:29:52.016213+03:30
20	mail	0002_initial	2022-02-20 23:29:52.11943+03:30
21	sessions	0001_initial	2022-02-20 23:29:52.141683+03:30
22	user	0002_auto_20220221_1825	2022-02-21 18:25:09.242182+03:30
23	user	0003_auto_20220221_1921	2022-02-21 19:22:05.152647+03:30
24	user	0004_auto_20220221_1921	2022-02-21 19:22:05.182733+03:30
25	mail	0003_auto_20220221_2340	2022-02-21 23:41:03.330629+03:30
26	user	0005_auto_20220221_2340	2022-02-21 23:41:03.42188+03:30
27	user	0006_alter_users_nationality	2022-02-22 01:04:32.677392+03:30
28	user	0007_coderegister	2022-02-23 21:15:28.047948+03:30
29	user	0008_auto_20220223_2124	2022-02-23 21:24:22.406809+03:30
30	mail	0004_auto_20220224_0144	2022-02-24 01:44:48.900798+03:30
31	user	0009_alter_users_verification	2022-02-24 01:44:48.918364+03:30
32	user	0010_alter_users_managers	2022-02-24 01:58:31.328003+03:30
33	user	0011_auto_20220224_2031	2022-02-24 20:31:56.629694+03:30
34	mail	0005_rename_mail_email_category	2022-02-24 22:18:04.506352+03:30
35	mail	0006_auto_20220225_1921	2022-02-25 19:21:43.841124+03:30
36	user	0012_auto_20220225_1921	2022-02-25 19:21:44.130868+03:30
37	mail	0007_auto_20220301_1505	2022-03-01 15:05:11.0206+03:30
38	user	0013_auto_20220301_2218	2022-03-01 22:25:56.757622+03:30
39	mail	0008_auto_20220303_1406	2022-03-03 14:07:02.644129+03:30
40	user	0014_auto_20220303_1406	2022-03-03 14:52:38.209142+03:30
41	mail	0008_auto_20220303_1821	2022-03-03 18:21:48.895206+03:30
42	user	0002_auto_20220303_1429	2022-03-03 18:25:55.488652+03:30
43	user	0010_merge_20220303_1818	2022-03-03 18:25:55.498961+03:30
44	user	0011_auto_20220303_1821	2022-03-03 18:25:55.501918+03:30
45	user	0012_alter_contact_other_email	2022-03-03 19:37:52.261562+03:30
46	user	0013_alter_contact_other_email	2022-03-03 22:40:15.113355+03:30
47	django_mailbox	0001_initial	2022-03-06 22:14:15.398748+03:30
48	django_mailbox	0002_add_eml_to_message	2022-03-06 22:14:15.409059+03:30
49	django_mailbox	0003_auto_20150409_0316	2022-03-06 22:14:15.417032+03:30
50	django_mailbox	0004_bytestring_to_unicode	2022-03-06 22:14:15.428338+03:30
51	django_mailbox	0005_auto_20160523_2240	2022-03-06 22:14:15.438339+03:30
52	django_mailbox	0006_mailbox_last_polling	2022-03-06 22:14:15.445174+03:30
53	django_mailbox	0007_auto_20180421_0026	2022-03-06 22:14:15.460966+03:30
54	django_mailbox	0008_auto_20190219_1553	2022-03-06 22:14:15.473189+03:30
55	mail	0009_email_reply_to	2022-03-06 22:40:18.669342+03:30
56	mail	0010_auto_20220307_0058	2022-03-07 00:59:09.776264+03:30
57	mail	0011_remove_email_signature_image	2022-03-07 17:01:09.745236+03:30
58	mail	0012_auto_20220308_1943	2022-03-08 19:46:11.777814+03:30
59	mail	0013_alter_category_owner	2022-03-08 19:46:13.58181+03:30
60	mail	0014_alter_category_owner	2022-03-08 19:46:13.61581+03:30
61	user	0014_alter_contact_other_email	2022-03-08 22:47:43.181409+03:30
62	user	0015_alter_contact_other_email	2022-03-08 22:51:01.440012+03:30
63	mail	0015_updateemailofuser	2022-03-09 23:04:28.876873+03:30
64	mail	0016_auto_20220310_1632	2022-03-10 16:32:35.840523+03:30
\.


--
-- Data for Name: django_session; Type: TABLE DATA; Schema: public; Owner: postgres
--

COPY public.django_session (session_key, session_data, expire_date) FROM stdin;
7rad0jby2tvesmedcw373flavxmd8tc9	e30:1nMBSg:SLlvkC0A2WJYiaKVhg9znA2K54pOipy272GvNOpv9N0	2022-03-07 19:52:54.037111+03:30
qsamwluw9uwvzkwn0ekrnhdihn4jxgjg	.eJxVjMsOgjAQRf9l1qZpQx8MS_d-QzMwo1RNaygkGOO_Kwkbtveccz8Qq9SaSo6yvtL0hk6fINIyj3GpMsXE0EET4DD2NDwkb4TvlG9FDSXPU-rVpqidVnUpLM_z7h4ORqrjv6Yg2pCzrSa0bUAThF1DxNygQ0QOJGSMQdHtwOwdOh_6q_PWeGvRw_cHLqg-qQ:1nP2q7:XaVLMKx52zDulKNg515BvQHNpN0ClhlrjgwwVTziVmQ	2022-03-31 18:16:55.125455+04:30
7rutz64351m3pljdnghg0rdnbavshb19	.eJxVjMsOgjAQRf9l1qZpQx8MS_d-QzMwo1RNaygkGOO_Kwkbtveccz8Qq9SaSo6yvtL0hk6fINIyj3GpMsXE0EET4DD2NDwkb4TvlG9FDSXPU-rVpqidVnUpLM_z7h4ORqrjv6Yg2pCzrSa0bUAThF1DxNygQ0QOJGSMQdHtwOwdOh_6q_PWeGvRw_cHLqg-qQ:1nP7Mk:6o4dlJ1X8TPN4SJA4yHcoAGYVrtouN2jEBHRMDgDLys	2022-03-31 23:06:54.824492+04:30
8j3lacxrshl2mjb1na4w7dpa2iwinmwe	.eJxVjMsOwiAQRf-FtSHlURlcuvcbyAAzUjWQlHZl_HdD0oVu7znnvkXAfSth77SGJYuLME6cfseI6Ul1kPzAem8ytbqtS5RDkQft8tYyva6H-3dQsJdRMxie0WhSLlnryJNJGmECVtqwZdCefFaTcrP3EXQGi-DOmpkcshWfLwlQN_8:1nRf1f:ShBhN7cFGSsnY1S4o0xxSsegadBbcy_CkS4MZjxUyJ4	2022-04-07 23:27:39.093735+04:30
wzev6rzyprwlamcahe4ohate9mc840iz	.eJxVjMsOwiAQRf-FtSHMQBlw6d5vIDylaiAp7cr479qkC93ec859Mee3tbpt5MXNiZ2ZJHb6HYOPj9x2ku6-3TqPva3LHPiu8IMOfu0pPy-H-3dQ_ajfehKIRaAAAIwglcKiTIlamiSBIJpSMihtphjIoshFWxKAWtjkyShi7w_MmTaG:1nOPFj:PCzdwf15B7_H-Po4yuz48XUeT6AskZbM9ofukwdfVD4	2022-03-13 23:00:43.136089+03:30
\.


--
-- Data for Name: mail_category; Type: TABLE DATA; Schema: public; Owner: postgres
--

COPY public.mail_category (id, name, owner_id) FROM stdin;
5	uni	37
6	other	37
\.


--
-- Data for Name: mail_email; Type: TABLE DATA; Schema: public; Owner: postgres
--

COPY public.mail_email (id, subject, body, created_time, sender_id, file, is_sent, signature, reply_to_id) FROM stdin;
50	hi tery	123	2022-03-10 21:22:44.195544+03:30	37		f	\N	45
45	hi	سلاااام عزیزم . حالت چطوره؟	2022-03-08 19:58:40.995663+03:30	37	Admin@mail.com/photo_2022-03-05_23-43-03_muXLyIz.jpg	t	\N	\N
46	go to heaven	hi baby\r\nhow are you?	2022-03-09 01:37:45.28085+03:30	37		t	\N	\N
51	\N		2022-03-10 22:31:50.193846+03:30	37		f	\N	\N
52	\N		2022-03-10 22:32:15.626251+03:30	37		f	\N	\N
53	\N		2022-03-10 22:35:30.092471+03:30	37		f	\N	\N
54	\N		2022-03-10 22:35:47.258997+03:30	37		f	\N	\N
55	\N		2022-03-10 22:37:36.061917+03:30	37		f	\N	\N
56	\N		2022-03-10 22:38:14.542013+03:30	37		f	\N	\N
57	\N		2022-03-10 22:39:05.799735+03:30	37		f	\N	\N
58	\N		2022-03-10 22:40:17.396555+03:30	37		f	\N	\N
62	\N		2022-03-10 22:52:31.180633+03:30	37		f	\N	\N
63	8909hi tery	jjjjjjj123	2022-03-10 22:56:22.80254+03:30	37		f	\N	\N
64	8909hi tery	jjjjjjj123	2022-03-10 22:56:38.772859+03:30	37		f	\N	\N
65	\N		2022-03-10 22:57:31.079803+03:30	37		f	\N	\N
66	hi tery	123	2022-03-10 22:59:13.590782+03:30	37		f	\N	\N
\.


--
-- Data for Name: mail_email_bcc; Type: TABLE DATA; Schema: public; Owner: postgres
--

COPY public.mail_email_bcc (id, email_id, users_id) FROM stdin;
\.


--
-- Data for Name: mail_email_category; Type: TABLE DATA; Schema: public; Owner: postgres
--

COPY public.mail_email_category (id, email_id, category_id) FROM stdin;
5	45	5
9	46	6
11	50	6
\.


--
-- Data for Name: mail_email_cc; Type: TABLE DATA; Schema: public; Owner: postgres
--

COPY public.mail_email_cc (id, email_id, users_id) FROM stdin;
6	45	37
\.


--
-- Data for Name: mail_email_recipients; Type: TABLE DATA; Schema: public; Owner: postgres
--

COPY public.mail_email_recipients (id, email_id, users_id) FROM stdin;
46	45	37
47	46	36
48	46	34
49	50	37
50	62	36
51	62	34
52	64	36
53	64	34
54	65	36
55	65	34
56	66	34
57	66	36
\.


--
-- Data for Name: mail_updateemailofuser; Type: TABLE DATA; Schema: public; Owner: postgres
--

COPY public.mail_updateemailofuser (id, email_id, user_id, is_archived, is_read, is_trashed) FROM stdin;
\.


--
-- Data for Name: user_contact; Type: TABLE DATA; Schema: public; Owner: postgres
--

COPY public.user_contact (id, user_id, email_id, name, birth_date1, other_email, phone_number1) FROM stdin;
20	37	37	me	\N	default@mail.com	\N
19	37	29	mahdis	\N	default@mail.com	\N
\.


--
-- Data for Name: user_users; Type: TABLE DATA; Schema: public; Owner: postgres
--

COPY public.user_users (id, password, last_login, is_superuser, first_name, last_name, is_staff, date_joined, username, phone, email, birth_date, nationality, gender, is_active, verification) FROM stdin;
34	pbkdf2_sha256$260000$baXTnJxZzp8tiSDPa7Xtqs$JlLAvi5Kmyk+Ks+I/lfx6BuhNj6gcPFOnYvHyhBS2zw=	2022-02-24 20:45:11.660444+03:30	f			f	2022-02-24 20:44:02.770227+03:30	mahdistz1111@mail.com	09392841705	test@gmail.com	\N	\N	\N	t	Phone
35	pbkdf2_sha256$260000$GjXA1hZ2LIQ5LdNtkh0N3M$WUlpfdSBIpJCE1pOSdWIrq9bxteycgMJePn3tP87kg4=	\N	f			f	2022-02-24 21:04:29.129403+03:30	nazigol123@mail.com	09392841706	test32@gmail.com	\N	\N	\N	t	Phone
27	pbkdf2_sha256$260000$9YH49dSqeVEJ21oJg668wu$SaUGYlMCvwrEddJUcOWMmAMzdS6nxpddIE787mnUhbk=	2022-02-24 19:41:00.790255+03:30	t			t	2022-02-24 01:58:12.261862+03:30	Admin			\N	\N	\N	t	
29	pbkdf2_sha256$260000$kt2VTGadZyEdBgLBWcfsrw$vZ+dnJOIzW53cX3phC9DzsNzK4K7GyCQUz0ayUUNnpI=	2022-02-24 20:28:09.161442+03:30	f			f	2022-02-24 20:26:43.623498+03:30	mahdistz1234@mail.com	09033774653	mahdis.taghi1376@gmail.com	\N	\N	\N	t	Email
36	pbkdf2_sha256$260000$91oIBG3wLFFh7D05DNUBT9$nnvYzVwetShXv1KsvmUogvkH3UJOrxH5Qa1lQKtW+qo=	2022-02-25 10:24:23.892791+03:30	f			f	2022-02-25 10:21:52.459483+03:30	hello123@mail.com	09392841708	test888@gmail.com	\N	\N	\N	t	Phone
37	pbkdf2_sha256$260000$Sn4VdGOaSXgnYHFRELDE6q$rBDQpSVeny8UIsNhXt/czcPEgRh4XzrNNsSrcQXgzrI=	2022-03-08 22:27:39.087888+03:30	t			t	2022-02-27 22:59:34.889304+03:30	Admin@mail.com	09123456789	mahdis.taghizadeh1376@gmail.com	\N	\N	\N	t	
\.


--
-- Data for Name: user_users_groups; Type: TABLE DATA; Schema: public; Owner: postgres
--

COPY public.user_users_groups (id, users_id, group_id) FROM stdin;
\.


--
-- Data for Name: user_users_user_permissions; Type: TABLE DATA; Schema: public; Owner: postgres
--

COPY public.user_users_user_permissions (id, users_id, permission_id) FROM stdin;
\.


--
-- Name: auth_group_id_seq; Type: SEQUENCE SET; Schema: public; Owner: postgres
--

SELECT pg_catalog.setval('public.auth_group_id_seq', 1, false);


--
-- Name: auth_group_permissions_id_seq; Type: SEQUENCE SET; Schema: public; Owner: postgres
--

SELECT pg_catalog.setval('public.auth_group_permissions_id_seq', 1, false);


--
-- Name: auth_permission_id_seq; Type: SEQUENCE SET; Schema: public; Owner: postgres
--

SELECT pg_catalog.setval('public.auth_permission_id_seq', 56, true);


--
-- Name: django_admin_log_id_seq; Type: SEQUENCE SET; Schema: public; Owner: postgres
--

SELECT pg_catalog.setval('public.django_admin_log_id_seq', 6, true);


--
-- Name: django_content_type_id_seq; Type: SEQUENCE SET; Schema: public; Owner: postgres
--

SELECT pg_catalog.setval('public.django_content_type_id_seq', 14, true);


--
-- Name: django_migrations_id_seq; Type: SEQUENCE SET; Schema: public; Owner: postgres
--

SELECT pg_catalog.setval('public.django_migrations_id_seq', 64, true);


--
-- Name: mail_category_id_seq; Type: SEQUENCE SET; Schema: public; Owner: postgres
--

SELECT pg_catalog.setval('public.mail_category_id_seq', 6, true);


--
-- Name: mail_email_bcc_id_seq; Type: SEQUENCE SET; Schema: public; Owner: postgres
--

SELECT pg_catalog.setval('public.mail_email_bcc_id_seq', 4, true);


--
-- Name: mail_email_cc_id_seq; Type: SEQUENCE SET; Schema: public; Owner: postgres
--

SELECT pg_catalog.setval('public.mail_email_cc_id_seq', 6, true);


--
-- Name: mail_email_id_seq; Type: SEQUENCE SET; Schema: public; Owner: postgres
--

SELECT pg_catalog.setval('public.mail_email_id_seq', 66, true);


--
-- Name: mail_email_mail_id_seq; Type: SEQUENCE SET; Schema: public; Owner: postgres
--

SELECT pg_catalog.setval('public.mail_email_mail_id_seq', 11, true);


--
-- Name: mail_email_to_id_seq; Type: SEQUENCE SET; Schema: public; Owner: postgres
--

SELECT pg_catalog.setval('public.mail_email_to_id_seq', 57, true);


--
-- Name: mail_updateemailofuser_id_seq; Type: SEQUENCE SET; Schema: public; Owner: postgres
--

SELECT pg_catalog.setval('public.mail_updateemailofuser_id_seq', 1, false);


--
-- Name: user_contact_id_seq; Type: SEQUENCE SET; Schema: public; Owner: postgres
--

SELECT pg_catalog.setval('public.user_contact_id_seq', 20, true);


--
-- Name: user_users_groups_id_seq; Type: SEQUENCE SET; Schema: public; Owner: postgres
--

SELECT pg_catalog.setval('public.user_users_groups_id_seq', 1, false);


--
-- Name: user_users_id_seq; Type: SEQUENCE SET; Schema: public; Owner: postgres
--

SELECT pg_catalog.setval('public.user_users_id_seq', 37, true);


--
-- Name: user_users_user_permissions_id_seq; Type: SEQUENCE SET; Schema: public; Owner: postgres
--

SELECT pg_catalog.setval('public.user_users_user_permissions_id_seq', 1, false);


--
-- Name: auth_group auth_group_name_key; Type: CONSTRAINT; Schema: public; Owner: postgres
--

ALTER TABLE ONLY public.auth_group
    ADD CONSTRAINT auth_group_name_key UNIQUE (name);


--
-- Name: auth_group_permissions auth_group_permissions_group_id_permission_id_0cd325b0_uniq; Type: CONSTRAINT; Schema: public; Owner: postgres
--

ALTER TABLE ONLY public.auth_group_permissions
    ADD CONSTRAINT auth_group_permissions_group_id_permission_id_0cd325b0_uniq UNIQUE (group_id, permission_id);


--
-- Name: auth_group_permissions auth_group_permissions_pkey; Type: CONSTRAINT; Schema: public; Owner: postgres
--

ALTER TABLE ONLY public.auth_group_permissions
    ADD CONSTRAINT auth_group_permissions_pkey PRIMARY KEY (id);


--
-- Name: auth_group auth_group_pkey; Type: CONSTRAINT; Schema: public; Owner: postgres
--

ALTER TABLE ONLY public.auth_group
    ADD CONSTRAINT auth_group_pkey PRIMARY KEY (id);


--
-- Name: auth_permission auth_permission_content_type_id_codename_01ab375a_uniq; Type: CONSTRAINT; Schema: public; Owner: postgres
--

ALTER TABLE ONLY public.auth_permission
    ADD CONSTRAINT auth_permission_content_type_id_codename_01ab375a_uniq UNIQUE (content_type_id, codename);


--
-- Name: auth_permission auth_permission_pkey; Type: CONSTRAINT; Schema: public; Owner: postgres
--

ALTER TABLE ONLY public.auth_permission
    ADD CONSTRAINT auth_permission_pkey PRIMARY KEY (id);


--
-- Name: django_admin_log django_admin_log_pkey; Type: CONSTRAINT; Schema: public; Owner: postgres
--

ALTER TABLE ONLY public.django_admin_log
    ADD CONSTRAINT django_admin_log_pkey PRIMARY KEY (id);


--
-- Name: django_content_type django_content_type_app_label_model_76bd3d3b_uniq; Type: CONSTRAINT; Schema: public; Owner: postgres
--

ALTER TABLE ONLY public.django_content_type
    ADD CONSTRAINT django_content_type_app_label_model_76bd3d3b_uniq UNIQUE (app_label, model);


--
-- Name: django_content_type django_content_type_pkey; Type: CONSTRAINT; Schema: public; Owner: postgres
--

ALTER TABLE ONLY public.django_content_type
    ADD CONSTRAINT django_content_type_pkey PRIMARY KEY (id);


--
-- Name: django_migrations django_migrations_pkey; Type: CONSTRAINT; Schema: public; Owner: postgres
--

ALTER TABLE ONLY public.django_migrations
    ADD CONSTRAINT django_migrations_pkey PRIMARY KEY (id);


--
-- Name: django_session django_session_pkey; Type: CONSTRAINT; Schema: public; Owner: postgres
--

ALTER TABLE ONLY public.django_session
    ADD CONSTRAINT django_session_pkey PRIMARY KEY (session_key);


--
-- Name: mail_category mail_category_name_owner_id_1dbd5f2f_uniq; Type: CONSTRAINT; Schema: public; Owner: postgres
--

ALTER TABLE ONLY public.mail_category
    ADD CONSTRAINT mail_category_name_owner_id_1dbd5f2f_uniq UNIQUE (name, owner_id);


--
-- Name: mail_category mail_category_pkey; Type: CONSTRAINT; Schema: public; Owner: postgres
--

ALTER TABLE ONLY public.mail_category
    ADD CONSTRAINT mail_category_pkey PRIMARY KEY (id);


--
-- Name: mail_email_bcc mail_email_bcc_email_id_users_id_e32c3f8f_uniq; Type: CONSTRAINT; Schema: public; Owner: postgres
--

ALTER TABLE ONLY public.mail_email_bcc
    ADD CONSTRAINT mail_email_bcc_email_id_users_id_e32c3f8f_uniq UNIQUE (email_id, users_id);


--
-- Name: mail_email_bcc mail_email_bcc_pkey; Type: CONSTRAINT; Schema: public; Owner: postgres
--

ALTER TABLE ONLY public.mail_email_bcc
    ADD CONSTRAINT mail_email_bcc_pkey PRIMARY KEY (id);


--
-- Name: mail_email_cc mail_email_cc_email_id_users_id_4a875970_uniq; Type: CONSTRAINT; Schema: public; Owner: postgres
--

ALTER TABLE ONLY public.mail_email_cc
    ADD CONSTRAINT mail_email_cc_email_id_users_id_4a875970_uniq UNIQUE (email_id, users_id);


--
-- Name: mail_email_cc mail_email_cc_pkey; Type: CONSTRAINT; Schema: public; Owner: postgres
--

ALTER TABLE ONLY public.mail_email_cc
    ADD CONSTRAINT mail_email_cc_pkey PRIMARY KEY (id);


--
-- Name: mail_email_category mail_email_mail_email_id_category_id_eb572df5_uniq; Type: CONSTRAINT; Schema: public; Owner: postgres
--

ALTER TABLE ONLY public.mail_email_category
    ADD CONSTRAINT mail_email_mail_email_id_category_id_eb572df5_uniq UNIQUE (email_id, category_id);


--
-- Name: mail_email_category mail_email_mail_pkey; Type: CONSTRAINT; Schema: public; Owner: postgres
--

ALTER TABLE ONLY public.mail_email_category
    ADD CONSTRAINT mail_email_mail_pkey PRIMARY KEY (id);


--
-- Name: mail_email mail_email_pkey; Type: CONSTRAINT; Schema: public; Owner: postgres
--

ALTER TABLE ONLY public.mail_email
    ADD CONSTRAINT mail_email_pkey PRIMARY KEY (id);


--
-- Name: mail_email_recipients mail_email_to_email_id_users_id_b771b0bf_uniq; Type: CONSTRAINT; Schema: public; Owner: postgres
--

ALTER TABLE ONLY public.mail_email_recipients
    ADD CONSTRAINT mail_email_to_email_id_users_id_b771b0bf_uniq UNIQUE (email_id, users_id);


--
-- Name: mail_email_recipients mail_email_to_pkey; Type: CONSTRAINT; Schema: public; Owner: postgres
--

ALTER TABLE ONLY public.mail_email_recipients
    ADD CONSTRAINT mail_email_to_pkey PRIMARY KEY (id);


--
-- Name: mail_updateemailofuser mail_updateemailofuser_pkey; Type: CONSTRAINT; Schema: public; Owner: postgres
--

ALTER TABLE ONLY public.mail_updateemailofuser
    ADD CONSTRAINT mail_updateemailofuser_pkey PRIMARY KEY (id);


--
-- Name: user_contact user_contact_pkey; Type: CONSTRAINT; Schema: public; Owner: postgres
--

ALTER TABLE ONLY public.user_contact
    ADD CONSTRAINT user_contact_pkey PRIMARY KEY (id);


--
-- Name: user_contact user_contact_user_id_email_7ec37915_uniq; Type: CONSTRAINT; Schema: public; Owner: postgres
--

ALTER TABLE ONLY public.user_contact
    ADD CONSTRAINT user_contact_user_id_email_7ec37915_uniq UNIQUE (user_id, email_id);


--
-- Name: user_users user_users_email_key; Type: CONSTRAINT; Schema: public; Owner: postgres
--

ALTER TABLE ONLY public.user_users
    ADD CONSTRAINT user_users_email_key UNIQUE (email);


--
-- Name: user_users_groups user_users_groups_pkey; Type: CONSTRAINT; Schema: public; Owner: postgres
--

ALTER TABLE ONLY public.user_users_groups
    ADD CONSTRAINT user_users_groups_pkey PRIMARY KEY (id);


--
-- Name: user_users_groups user_users_groups_users_id_group_id_df5fa2ae_uniq; Type: CONSTRAINT; Schema: public; Owner: postgres
--

ALTER TABLE ONLY public.user_users_groups
    ADD CONSTRAINT user_users_groups_users_id_group_id_df5fa2ae_uniq UNIQUE (users_id, group_id);


--
-- Name: user_users user_users_phone_number_key; Type: CONSTRAINT; Schema: public; Owner: postgres
--

ALTER TABLE ONLY public.user_users
    ADD CONSTRAINT user_users_phone_number_key UNIQUE (phone);


--
-- Name: user_users user_users_pkey; Type: CONSTRAINT; Schema: public; Owner: postgres
--

ALTER TABLE ONLY public.user_users
    ADD CONSTRAINT user_users_pkey PRIMARY KEY (id);


--
-- Name: user_users_user_permissions user_users_user_permissi_users_id_permission_id_5fc04ed5_uniq; Type: CONSTRAINT; Schema: public; Owner: postgres
--

ALTER TABLE ONLY public.user_users_user_permissions
    ADD CONSTRAINT user_users_user_permissi_users_id_permission_id_5fc04ed5_uniq UNIQUE (users_id, permission_id);


--
-- Name: user_users_user_permissions user_users_user_permissions_pkey; Type: CONSTRAINT; Schema: public; Owner: postgres
--

ALTER TABLE ONLY public.user_users_user_permissions
    ADD CONSTRAINT user_users_user_permissions_pkey PRIMARY KEY (id);


--
-- Name: user_users user_users_username_key; Type: CONSTRAINT; Schema: public; Owner: postgres
--

ALTER TABLE ONLY public.user_users
    ADD CONSTRAINT user_users_username_key UNIQUE (username);


--
-- Name: auth_group_name_a6ea08ec_like; Type: INDEX; Schema: public; Owner: postgres
--

CREATE INDEX auth_group_name_a6ea08ec_like ON public.auth_group USING btree (name varchar_pattern_ops);


--
-- Name: auth_group_permissions_group_id_b120cbf9; Type: INDEX; Schema: public; Owner: postgres
--

CREATE INDEX auth_group_permissions_group_id_b120cbf9 ON public.auth_group_permissions USING btree (group_id);


--
-- Name: auth_group_permissions_permission_id_84c5c92e; Type: INDEX; Schema: public; Owner: postgres
--

CREATE INDEX auth_group_permissions_permission_id_84c5c92e ON public.auth_group_permissions USING btree (permission_id);


--
-- Name: auth_permission_content_type_id_2f476e4b; Type: INDEX; Schema: public; Owner: postgres
--

CREATE INDEX auth_permission_content_type_id_2f476e4b ON public.auth_permission USING btree (content_type_id);


--
-- Name: django_admin_log_content_type_id_c4bce8eb; Type: INDEX; Schema: public; Owner: postgres
--

CREATE INDEX django_admin_log_content_type_id_c4bce8eb ON public.django_admin_log USING btree (content_type_id);


--
-- Name: django_admin_log_user_id_c564eba6; Type: INDEX; Schema: public; Owner: postgres
--

CREATE INDEX django_admin_log_user_id_c564eba6 ON public.django_admin_log USING btree (user_id);


--
-- Name: django_session_expire_date_a5c62663; Type: INDEX; Schema: public; Owner: postgres
--

CREATE INDEX django_session_expire_date_a5c62663 ON public.django_session USING btree (expire_date);


--
-- Name: django_session_session_key_c0390e0f_like; Type: INDEX; Schema: public; Owner: postgres
--

CREATE INDEX django_session_session_key_c0390e0f_like ON public.django_session USING btree (session_key varchar_pattern_ops);


--
-- Name: mail_category_owner_id_9ce90553; Type: INDEX; Schema: public; Owner: postgres
--

CREATE INDEX mail_category_owner_id_9ce90553 ON public.mail_category USING btree (owner_id);


--
-- Name: mail_email_bcc_email_id_019fd01b; Type: INDEX; Schema: public; Owner: postgres
--

CREATE INDEX mail_email_bcc_email_id_019fd01b ON public.mail_email_bcc USING btree (email_id);


--
-- Name: mail_email_bcc_users_id_7f583820; Type: INDEX; Schema: public; Owner: postgres
--

CREATE INDEX mail_email_bcc_users_id_7f583820 ON public.mail_email_bcc USING btree (users_id);


--
-- Name: mail_email_cc_email_id_82bd2bb5; Type: INDEX; Schema: public; Owner: postgres
--

CREATE INDEX mail_email_cc_email_id_82bd2bb5 ON public.mail_email_cc USING btree (email_id);


--
-- Name: mail_email_cc_users_id_cc5c244a; Type: INDEX; Schema: public; Owner: postgres
--

CREATE INDEX mail_email_cc_users_id_cc5c244a ON public.mail_email_cc USING btree (users_id);


--
-- Name: mail_email_mail_category_id_ccdeaea6; Type: INDEX; Schema: public; Owner: postgres
--

CREATE INDEX mail_email_mail_category_id_ccdeaea6 ON public.mail_email_category USING btree (category_id);


--
-- Name: mail_email_mail_email_id_0d02e404; Type: INDEX; Schema: public; Owner: postgres
--

CREATE INDEX mail_email_mail_email_id_0d02e404 ON public.mail_email_category USING btree (email_id);


--
-- Name: mail_email_reply_to_id_f55bc634; Type: INDEX; Schema: public; Owner: postgres
--

CREATE INDEX mail_email_reply_to_id_f55bc634 ON public.mail_email USING btree (reply_to_id);


--
-- Name: mail_email_sender_id_102f874d; Type: INDEX; Schema: public; Owner: postgres
--

CREATE INDEX mail_email_sender_id_102f874d ON public.mail_email USING btree (sender_id);


--
-- Name: mail_email_to_email_id_5a3d6cd6; Type: INDEX; Schema: public; Owner: postgres
--

CREATE INDEX mail_email_to_email_id_5a3d6cd6 ON public.mail_email_recipients USING btree (email_id);


--
-- Name: mail_email_to_users_id_faf33a00; Type: INDEX; Schema: public; Owner: postgres
--

CREATE INDEX mail_email_to_users_id_faf33a00 ON public.mail_email_recipients USING btree (users_id);


--
-- Name: mail_updateemailofuser_email_id_5d13eec4; Type: INDEX; Schema: public; Owner: postgres
--

CREATE INDEX mail_updateemailofuser_email_id_5d13eec4 ON public.mail_updateemailofuser USING btree (email_id);


--
-- Name: mail_updateemailofuser_user_id_d64fdc22; Type: INDEX; Schema: public; Owner: postgres
--

CREATE INDEX mail_updateemailofuser_user_id_d64fdc22 ON public.mail_updateemailofuser USING btree (user_id);


--
-- Name: user_contact_email_id_d50e2efd; Type: INDEX; Schema: public; Owner: postgres
--

CREATE INDEX user_contact_email_id_d50e2efd ON public.user_contact USING btree (email_id);


--
-- Name: user_contact_user_id_06fd0470; Type: INDEX; Schema: public; Owner: postgres
--

CREATE INDEX user_contact_user_id_06fd0470 ON public.user_contact USING btree (user_id);


--
-- Name: user_users_email_3e8dac5f_like; Type: INDEX; Schema: public; Owner: postgres
--

CREATE INDEX user_users_email_3e8dac5f_like ON public.user_users USING btree (email varchar_pattern_ops);


--
-- Name: user_users_groups_group_id_5df0dc90; Type: INDEX; Schema: public; Owner: postgres
--

CREATE INDEX user_users_groups_group_id_5df0dc90 ON public.user_users_groups USING btree (group_id);


--
-- Name: user_users_groups_users_id_232e6679; Type: INDEX; Schema: public; Owner: postgres
--

CREATE INDEX user_users_groups_users_id_232e6679 ON public.user_users_groups USING btree (users_id);


--
-- Name: user_users_phone_number_6b70f3ac_like; Type: INDEX; Schema: public; Owner: postgres
--

CREATE INDEX user_users_phone_number_6b70f3ac_like ON public.user_users USING btree (phone varchar_pattern_ops);


--
-- Name: user_users_user_permissions_permission_id_8c68afab; Type: INDEX; Schema: public; Owner: postgres
--

CREATE INDEX user_users_user_permissions_permission_id_8c68afab ON public.user_users_user_permissions USING btree (permission_id);


--
-- Name: user_users_user_permissions_users_id_e1262029; Type: INDEX; Schema: public; Owner: postgres
--

CREATE INDEX user_users_user_permissions_users_id_e1262029 ON public.user_users_user_permissions USING btree (users_id);


--
-- Name: user_users_username_2da30a0a_like; Type: INDEX; Schema: public; Owner: postgres
--

CREATE INDEX user_users_username_2da30a0a_like ON public.user_users USING btree (username varchar_pattern_ops);


--
-- Name: auth_group_permissions auth_group_permissio_permission_id_84c5c92e_fk_auth_perm; Type: FK CONSTRAINT; Schema: public; Owner: postgres
--

ALTER TABLE ONLY public.auth_group_permissions
    ADD CONSTRAINT auth_group_permissio_permission_id_84c5c92e_fk_auth_perm FOREIGN KEY (permission_id) REFERENCES public.auth_permission(id) DEFERRABLE INITIALLY DEFERRED;


--
-- Name: auth_group_permissions auth_group_permissions_group_id_b120cbf9_fk_auth_group_id; Type: FK CONSTRAINT; Schema: public; Owner: postgres
--

ALTER TABLE ONLY public.auth_group_permissions
    ADD CONSTRAINT auth_group_permissions_group_id_b120cbf9_fk_auth_group_id FOREIGN KEY (group_id) REFERENCES public.auth_group(id) DEFERRABLE INITIALLY DEFERRED;


--
-- Name: auth_permission auth_permission_content_type_id_2f476e4b_fk_django_co; Type: FK CONSTRAINT; Schema: public; Owner: postgres
--

ALTER TABLE ONLY public.auth_permission
    ADD CONSTRAINT auth_permission_content_type_id_2f476e4b_fk_django_co FOREIGN KEY (content_type_id) REFERENCES public.django_content_type(id) DEFERRABLE INITIALLY DEFERRED;


--
-- Name: django_admin_log django_admin_log_content_type_id_c4bce8eb_fk_django_co; Type: FK CONSTRAINT; Schema: public; Owner: postgres
--

ALTER TABLE ONLY public.django_admin_log
    ADD CONSTRAINT django_admin_log_content_type_id_c4bce8eb_fk_django_co FOREIGN KEY (content_type_id) REFERENCES public.django_content_type(id) DEFERRABLE INITIALLY DEFERRED;


--
-- Name: django_admin_log django_admin_log_user_id_c564eba6_fk_user_users_id; Type: FK CONSTRAINT; Schema: public; Owner: postgres
--

ALTER TABLE ONLY public.django_admin_log
    ADD CONSTRAINT django_admin_log_user_id_c564eba6_fk_user_users_id FOREIGN KEY (user_id) REFERENCES public.user_users(id) DEFERRABLE INITIALLY DEFERRED;


--
-- Name: mail_category mail_category_owner_id_9ce90553_fk_user_users_id; Type: FK CONSTRAINT; Schema: public; Owner: postgres
--

ALTER TABLE ONLY public.mail_category
    ADD CONSTRAINT mail_category_owner_id_9ce90553_fk_user_users_id FOREIGN KEY (owner_id) REFERENCES public.user_users(id) DEFERRABLE INITIALLY DEFERRED;


--
-- Name: mail_email_bcc mail_email_bcc_email_id_019fd01b_fk_mail_email_id; Type: FK CONSTRAINT; Schema: public; Owner: postgres
--

ALTER TABLE ONLY public.mail_email_bcc
    ADD CONSTRAINT mail_email_bcc_email_id_019fd01b_fk_mail_email_id FOREIGN KEY (email_id) REFERENCES public.mail_email(id) DEFERRABLE INITIALLY DEFERRED;


--
-- Name: mail_email_bcc mail_email_bcc_users_id_7f583820_fk_user_users_id; Type: FK CONSTRAINT; Schema: public; Owner: postgres
--

ALTER TABLE ONLY public.mail_email_bcc
    ADD CONSTRAINT mail_email_bcc_users_id_7f583820_fk_user_users_id FOREIGN KEY (users_id) REFERENCES public.user_users(id) DEFERRABLE INITIALLY DEFERRED;


--
-- Name: mail_email_cc mail_email_cc_email_id_82bd2bb5_fk_mail_email_id; Type: FK CONSTRAINT; Schema: public; Owner: postgres
--

ALTER TABLE ONLY public.mail_email_cc
    ADD CONSTRAINT mail_email_cc_email_id_82bd2bb5_fk_mail_email_id FOREIGN KEY (email_id) REFERENCES public.mail_email(id) DEFERRABLE INITIALLY DEFERRED;


--
-- Name: mail_email_cc mail_email_cc_users_id_cc5c244a_fk_user_users_id; Type: FK CONSTRAINT; Schema: public; Owner: postgres
--

ALTER TABLE ONLY public.mail_email_cc
    ADD CONSTRAINT mail_email_cc_users_id_cc5c244a_fk_user_users_id FOREIGN KEY (users_id) REFERENCES public.user_users(id) DEFERRABLE INITIALLY DEFERRED;


--
-- Name: mail_email_category mail_email_mail_category_id_ccdeaea6_fk_mail_category_id; Type: FK CONSTRAINT; Schema: public; Owner: postgres
--

ALTER TABLE ONLY public.mail_email_category
    ADD CONSTRAINT mail_email_mail_category_id_ccdeaea6_fk_mail_category_id FOREIGN KEY (category_id) REFERENCES public.mail_category(id) DEFERRABLE INITIALLY DEFERRED;


--
-- Name: mail_email_category mail_email_mail_email_id_0d02e404_fk_mail_email_id; Type: FK CONSTRAINT; Schema: public; Owner: postgres
--

ALTER TABLE ONLY public.mail_email_category
    ADD CONSTRAINT mail_email_mail_email_id_0d02e404_fk_mail_email_id FOREIGN KEY (email_id) REFERENCES public.mail_email(id) DEFERRABLE INITIALLY DEFERRED;


--
-- Name: mail_email mail_email_reply_to_id_f55bc634_fk_mail_email_id; Type: FK CONSTRAINT; Schema: public; Owner: postgres
--

ALTER TABLE ONLY public.mail_email
    ADD CONSTRAINT mail_email_reply_to_id_f55bc634_fk_mail_email_id FOREIGN KEY (reply_to_id) REFERENCES public.mail_email(id) DEFERRABLE INITIALLY DEFERRED;


--
-- Name: mail_email mail_email_sender_id_102f874d_fk_user_users_id; Type: FK CONSTRAINT; Schema: public; Owner: postgres
--

ALTER TABLE ONLY public.mail_email
    ADD CONSTRAINT mail_email_sender_id_102f874d_fk_user_users_id FOREIGN KEY (sender_id) REFERENCES public.user_users(id) DEFERRABLE INITIALLY DEFERRED;


--
-- Name: mail_email_recipients mail_email_to_email_id_5a3d6cd6_fk_mail_email_id; Type: FK CONSTRAINT; Schema: public; Owner: postgres
--

ALTER TABLE ONLY public.mail_email_recipients
    ADD CONSTRAINT mail_email_to_email_id_5a3d6cd6_fk_mail_email_id FOREIGN KEY (email_id) REFERENCES public.mail_email(id) DEFERRABLE INITIALLY DEFERRED;


--
-- Name: mail_email_recipients mail_email_to_users_id_faf33a00_fk_user_users_id; Type: FK CONSTRAINT; Schema: public; Owner: postgres
--

ALTER TABLE ONLY public.mail_email_recipients
    ADD CONSTRAINT mail_email_to_users_id_faf33a00_fk_user_users_id FOREIGN KEY (users_id) REFERENCES public.user_users(id) DEFERRABLE INITIALLY DEFERRED;


--
-- Name: mail_updateemailofuser mail_updateemailofuser_email_id_5d13eec4_fk_mail_email_id; Type: FK CONSTRAINT; Schema: public; Owner: postgres
--

ALTER TABLE ONLY public.mail_updateemailofuser
    ADD CONSTRAINT mail_updateemailofuser_email_id_5d13eec4_fk_mail_email_id FOREIGN KEY (email_id) REFERENCES public.mail_email(id) DEFERRABLE INITIALLY DEFERRED;


--
-- Name: mail_updateemailofuser mail_updateemailofuser_user_id_d64fdc22_fk_user_users_id; Type: FK CONSTRAINT; Schema: public; Owner: postgres
--

ALTER TABLE ONLY public.mail_updateemailofuser
    ADD CONSTRAINT mail_updateemailofuser_user_id_d64fdc22_fk_user_users_id FOREIGN KEY (user_id) REFERENCES public.user_users(id) DEFERRABLE INITIALLY DEFERRED;


--
-- Name: user_contact user_contact_email_id_d50e2efd_fk_user_users_id; Type: FK CONSTRAINT; Schema: public; Owner: postgres
--

ALTER TABLE ONLY public.user_contact
    ADD CONSTRAINT user_contact_email_id_d50e2efd_fk_user_users_id FOREIGN KEY (email_id) REFERENCES public.user_users(id) DEFERRABLE INITIALLY DEFERRED;


--
-- Name: user_contact user_contact_user_id_06fd0470_fk_user_users_id; Type: FK CONSTRAINT; Schema: public; Owner: postgres
--

ALTER TABLE ONLY public.user_contact
    ADD CONSTRAINT user_contact_user_id_06fd0470_fk_user_users_id FOREIGN KEY (user_id) REFERENCES public.user_users(id) DEFERRABLE INITIALLY DEFERRED;


--
-- Name: user_users_groups user_users_groups_group_id_5df0dc90_fk_auth_group_id; Type: FK CONSTRAINT; Schema: public; Owner: postgres
--

ALTER TABLE ONLY public.user_users_groups
    ADD CONSTRAINT user_users_groups_group_id_5df0dc90_fk_auth_group_id FOREIGN KEY (group_id) REFERENCES public.auth_group(id) DEFERRABLE INITIALLY DEFERRED;


--
-- Name: user_users_groups user_users_groups_users_id_232e6679_fk_user_users_id; Type: FK CONSTRAINT; Schema: public; Owner: postgres
--

ALTER TABLE ONLY public.user_users_groups
    ADD CONSTRAINT user_users_groups_users_id_232e6679_fk_user_users_id FOREIGN KEY (users_id) REFERENCES public.user_users(id) DEFERRABLE INITIALLY DEFERRED;


--
-- Name: user_users_user_permissions user_users_user_perm_permission_id_8c68afab_fk_auth_perm; Type: FK CONSTRAINT; Schema: public; Owner: postgres
--

ALTER TABLE ONLY public.user_users_user_permissions
    ADD CONSTRAINT user_users_user_perm_permission_id_8c68afab_fk_auth_perm FOREIGN KEY (permission_id) REFERENCES public.auth_permission(id) DEFERRABLE INITIALLY DEFERRED;


--
-- Name: user_users_user_permissions user_users_user_permissions_users_id_e1262029_fk_user_users_id; Type: FK CONSTRAINT; Schema: public; Owner: postgres
--

ALTER TABLE ONLY public.user_users_user_permissions
    ADD CONSTRAINT user_users_user_permissions_users_id_e1262029_fk_user_users_id FOREIGN KEY (users_id) REFERENCES public.user_users(id) DEFERRABLE INITIALLY DEFERRED;


--
-- PostgreSQL database dump complete
--

